#
# There is insufficient memory for the Java Runtime Environment to continue.
# Native memory allocation (malloc) failed to allocate 1027296 bytes for Chunk::new
# Possible reasons:
#   The system is out of physical RAM or swap space
#   The process is running with CompressedOops enabled, and the Java Heap may be blocking the growth of the native heap
# Possible solutions:
#   Reduce memory load on the system
#   Increase physical memory or swap space
#   Check if swap backing store is full
#   Decrease Java heap size (-Xmx/-Xms)
#   Decrease number of Java threads
#   Decrease Java thread stack sizes (-Xss)
#   Set larger code cache with -XX:ReservedCodeCacheSize=
#   JVM is running with Unscaled Compressed Oops mode in which the Java heap is
#     placed in the first 4GB address space. The Java Heap base address is the
#     maximum limit for the native heap growth. Please use -XX:HeapBaseMinAddress
#     to set the Java Heap base and to place the Java Heap above 4GB virtual address.
# This output file may be truncated or incomplete.
#
#  Out of Memory Error (arena.cpp:189), pid=21952, tid=11688
#
# JRE version: Java(TM) SE Runtime Environment (17.0.12+8) (build 17.0.12+8-LTS-286)
# Java VM: Java HotSpot(TM) 64-Bit Server VM (17.0.12+8-LTS-286, mixed mode, sharing, tiered, compressed oops, compressed class ptrs, g1 gc, windows-amd64)
# No core dump will be written. Minidumps are not enabled by default on client versions of Windows
#

---------------  S U M M A R Y ------------

Command Line: -XX:MaxMetaspaceSize=512m --add-opens=java.base/java.util=ALL-UNNAMED --add-opens=java.base/java.lang=ALL-UNNAMED --add-opens=java.base/java.lang.invoke=ALL-UNNAMED --add-opens=java.prefs/java.util.prefs=ALL-UNNAMED --add-opens=java.base/java.nio.charset=ALL-UNNAMED --add-opens=java.base/java.net=ALL-UNNAMED --add-opens=java.base/java.util.concurrent.atomic=ALL-UNNAMED -Xmx2048m -Dfile.encoding=windows-1252 -Duser.country=IN -Duser.language=en -Duser.variant -javaagent:C:\Users\tejas\.gradle\wrapper\dists\gradle-8.8-all\6gdy1pgp427xkqcjbxw3ylt6h\gradle-8.8\lib\agents\gradle-instrumentation-agent-8.8.jar org.gradle.launcher.daemon.bootstrap.GradleDaemon 8.8

Host: 12th Gen Intel(R) Core(TM) i5-1235U, 12 cores, 15G,  Windows 11 , 64 bit Build 22621 (10.0.22621.5415)
Time: Sat May 23 18:06:57 2026 India Standard Time elapsed time: 467.654420 seconds (0d 0h 7m 47s)

---------------  T H R E A D  ---------------

Current thread (0x00000188b32c9610):  JavaThread "C2 CompilerThread0" daemon [_thread_in_native, id=11688, stack(0x00000042def00000,0x00000042df000000)]


Current CompileTask:
C2: 467654 43512   !   4       com.android.tools.r8.dex.C::k (2698 bytes)

Stack: [0x00000042def00000,0x00000042df000000]
Native frames: (J=compiled Java code, j=interpreted, Vv=VM code, C=native code)
V  [jvm.dll+0x67a04a]
V  [jvm.dll+0x7da4ed]
V  [jvm.dll+0x7dbe33]
V  [jvm.dll+0x7dc4a3]
V  [jvm.dll+0x24508f]
V  [jvm.dll+0xab773]
V  [jvm.dll+0xabd3c]
V  [jvm.dll+0x2aa52f]
V  [jvm.dll+0x581eb9]
V  [jvm.dll+0x21f422]
V  [jvm.dll+0x21f81f]
V  [jvm.dll+0x218aa0]
V  [jvm.dll+0x215b65]
V  [jvm.dll+0x1a2960]
V  [jvm.dll+0x22610b]
V  [jvm.dll+0x2242ab]
V  [jvm.dll+0x79075c]
V  [jvm.dll+0x78abea]
V  [jvm.dll+0x678f35]
C  [ucrtbase.dll+0x29333]
C  [KERNEL32.DLL+0x1259d]
C  [ntdll.dll+0x5af78]


---------------  P R O C E S S  ---------------

Threads class SMR info:
_java_thread_list=0x00000188e21d2140, length=249, elements={
0x0000018894bf0d10, 0x00000188b32ae130, 0x00000188b32aedc0, 0x00000188b32c3aa0,
0x00000188b32c4370, 0x00000188b32c6e60, 0x00000188b32c8550, 0x00000188b32c9610,
0x00000188b32c9fd0, 0x00000188b32ccd00, 0x00000188b340c020, 0x00000188b34918a0,
0x00000188d4111920, 0x00000188d3a46150, 0x00000188d3ec3080, 0x00000188b3431fd0,
0x00000188b34324e0, 0x00000188b34329f0, 0x00000188d46b7bb0, 0x00000188d46bdbe0,
0x00000188d46be0f0, 0x00000188d46b9a10, 0x00000188d4dace60, 0x00000188d9796da0,
0x00000188d9794010, 0x00000188d9796380, 0x00000188d97977c0, 0x00000188d97972b0,
0x00000188d97981e0, 0x00000188d9798c00, 0x00000188d9797cd0, 0x00000188d7b2a6a0,
0x00000188d46ed9e0, 0x00000188d46ecfc0, 0x00000188d46ebb80, 0x00000188b3a0a600,
0x00000188b3a0ece0, 0x00000188d4828f50, 0x00000188d4825cb0, 0x00000188d4823e50,
0x00000188db24b5f0, 0x00000188db246a00, 0x00000188db24bb00, 0x00000188db249ca0,
0x00000188db248860, 0x00000188db249790, 0x00000188b3a0ab10, 0x00000188b3a0b020,
0x00000188b3a091c0, 0x00000188b3a0d390, 0x00000188b3a09be0, 0x00000188b3a087a0,
0x00000188b3a07d80, 0x00000188b3a096d0, 0x00000188b3a0b530, 0x00000188b3a0d8a0,
0x00000188b3a0ddb0, 0x00000188b3a08cb0, 0x00000188b3a0c970, 0x00000188b3a0ba40,
0x00000188b3a08290, 0x00000188b3a0e7d0, 0x00000188b3a0a0f0, 0x00000188b3a0f700,
0x00000188b3a0bf50, 0x00000188b3a0f1f0, 0x00000188b3a0c460, 0x00000188b3a0ce80,
0x00000188d5f99130, 0x00000188d5f968b0, 0x00000188d5f9e230, 0x00000188d5f972d0,
0x00000188d5f9a060, 0x00000188d5f96dc0, 0x00000188d5f9c8e0, 0x00000188d5f977e0,
0x00000188d5f99640, 0x00000188d5f9cdf0, 0x00000188d5f97cf0, 0x00000188d5f98200,
0x00000188d5f9b4a0, 0x00000188d5f99b50, 0x00000188d5f98710, 0x00000188d5f98c20,
0x00000188d5f9a570, 0x00000188d5f9aa80, 0x00000188d5f9af90, 0x00000188d5f9b9b0,
0x00000188d5f9bec0, 0x00000188d5f9c3d0, 0x00000188d5f9d810, 0x00000188d5f9dd20,
0x00000188d7b2bff0, 0x00000188d7b27910, 0x00000188d7b28840, 0x00000188d7b29770,
0x00000188d7b29c80, 0x00000188d7b28330, 0x00000188d7b25ab0, 0x00000188d7b2c500,
0x00000188d7b2a190, 0x00000188d7b27e20, 0x00000188d7b264d0, 0x00000188d7b2abb0,
0x00000188d7b2b0c0, 0x00000188d7b2b5d0, 0x00000188d7b2cf20, 0x00000188d7b2bae0,
0x00000188d7b2ca10, 0x00000188d7b2d430, 0x00000188d7b26ef0, 0x00000188d7b25fc0,
0x00000188d7b269e0, 0x00000188d7b27400, 0x00000188d4822f20, 0x00000188d4828a40,
0x00000188d4828020, 0x00000188d4829460, 0x00000188d4824870, 0x00000188d4823430,
0x00000188d4823940, 0x00000188d4828530, 0x00000188d4825290, 0x00000188d48257a0,
0x00000188d4824360, 0x00000188d4824d80, 0x00000188d4827600, 0x00000188d48266d0,
0x00000188d4827b10, 0x00000188d4826be0, 0x00000188d46bccb0, 0x00000188d46bb870,
0x00000188d46b80c0, 0x00000188d46bbd80, 0x00000188d46bae50, 0x00000188d46b8ff0,
0x00000188d46b8ae0, 0x00000188d46bb360, 0x00000188d46beb10, 0x00000188d46bc290,
0x00000188d46bd1c0, 0x00000188d46b85d0, 0x00000188d46be600, 0x00000188d46bf530,
0x00000188d46b9500, 0x00000188d46b9f20, 0x00000188d9795e70, 0x00000188d97935f0,
0x00000188d97930e0, 0x00000188d9793b00, 0x00000188d9795960, 0x00000188d97986f0,
0x00000188d9799110, 0x00000188d9799620, 0x00000188d9794a30, 0x00000188d9795450,
0x00000188d9796890, 0x00000188d9791ca0, 0x00000188d97921b0, 0x00000188d9792bd0,
0x00000188d97926c0, 0x00000188d9794f40, 0x00000188db247420, 0x00000188db251620,
0x00000188db252550, 0x00000188db2548c0, 0x00000188db24f2b0, 0x00000188db2501e0,
0x00000188db2552e0, 0x00000188db2557f0, 0x00000188db255d00, 0x00000188db251110,
0x00000188db24fcd0, 0x00000188db2506f0, 0x00000188db250c00, 0x00000188db251b30,
0x00000188db252040, 0x00000188d46eb670, 0x00000188d46ea740, 0x00000188d46eac50,
0x00000188d46eb160, 0x00000188d46ec090, 0x00000188d46ec5a0, 0x00000188d46ecab0,
0x00000188d46ed4d0, 0x00000188d46edef0, 0x00000188b3432f00, 0x00000188b342fc60,
0x00000188b3430b90, 0x00000188b3430170, 0x00000188b34310a0, 0x00000188b34315b0,
0x00000188b3430680, 0x00000188d4dab510, 0x00000188b384dab0, 0x00000188b384dfc0,
0x00000188b384e9e0, 0x00000188b38535d0, 0x00000188b3853ff0, 0x00000188b3850330,
0x00000188b3850d50, 0x00000188b384cb80, 0x00000188b3852190, 0x00000188b3854f20,
0x00000188b384f400, 0x00000188b3856870, 0x00000188b3856d80, 0x00000188b3857290,
0x00000188b38577a0, 0x00000188b384eef0, 0x00000188b3858be0, 0x00000188b38590f0,
0x00000188b3859600, 0x00000188b3859b10, 0x00000188b385a020, 0x00000188b385b970,
0x00000188b385a530, 0x00000188b385aa40, 0x00000188b385af50, 0x00000188b385b460,
0x00000188b385be80, 0x00000188db253ea0, 0x00000188d4dad880, 0x00000188e3465300,
0x00000188e3463ec0, 0x00000188e3467670, 0x00000188e3464df0, 0x00000188e3462060,
0x00000188e3462a80, 0x00000188e34643d0, 0x00000188d9526ac0, 0x00000188e5c01130,
0x00000188e5c3c380, 0x00000188d4e8cea0, 0x00000188e5c00200, 0x00000188e5bffcf0,
0x00000188e5e15a80, 0x00000188e5c00c20, 0x00000188e5c3cda0, 0x00000188e5c3c890,
0x00000188d4e8bf70, 0x00000188b3856360, 0x00000188e5c3b450, 0x00000188d4e8d3b0,
0x00000188e1b0aec0, 0x00000188e5c00710, 0x00000188dae12a70, 0x00000188d8c97a80,
0x00000188e2c7ef40
}

Java Threads: ( => current thread )
  0x0000018894bf0d10 JavaThread "main" [_thread_blocked, id=9876, stack(0x00000042de200000,0x00000042de300000)]
  0x00000188b32ae130 JavaThread "Reference Handler" daemon [_thread_blocked, id=10124, stack(0x00000042de900000,0x00000042dea00000)]
  0x00000188b32aedc0 JavaThread "Finalizer" daemon [_thread_blocked, id=19820, stack(0x00000042dea00000,0x00000042deb00000)]
  0x00000188b32c3aa0 JavaThread "Signal Dispatcher" daemon [_thread_blocked, id=12468, stack(0x00000042deb00000,0x00000042dec00000)]
  0x00000188b32c4370 JavaThread "Attach Listener" daemon [_thread_blocked, id=18196, stack(0x00000042dec00000,0x00000042ded00000)]
  0x00000188b32c6e60 JavaThread "Service Thread" daemon [_thread_blocked, id=17576, stack(0x00000042ded00000,0x00000042dee00000)]
  0x00000188b32c8550 JavaThread "Monitor Deflation Thread" daemon [_thread_blocked, id=20520, stack(0x00000042dee00000,0x00000042def00000)]
=>0x00000188b32c9610 JavaThread "C2 CompilerThread0" daemon [_thread_in_native, id=11688, stack(0x00000042def00000,0x00000042df000000)]
  0x00000188b32c9fd0 JavaThread "C1 CompilerThread0" daemon [_thread_in_vm, id=17276, stack(0x00000042df000000,0x00000042df100000)]
  0x00000188b32ccd00 JavaThread "Sweeper thread" daemon [_thread_blocked, id=4860, stack(0x00000042df100000,0x00000042df200000)]
  0x00000188b340c020 JavaThread "Common-Cleaner" daemon [_thread_blocked, id=3612, stack(0x00000042df200000,0x00000042df300000)]
  0x00000188b34918a0 JavaThread "Notification Thread" daemon [_thread_blocked, id=6192, stack(0x00000042df300000,0x00000042df400000)]
  0x00000188d4111920 JavaThread "Daemon health stats" [_thread_blocked, id=16180, stack(0x00000042df600000,0x00000042df700000)]
  0x00000188d3a46150 JavaThread "Incoming local TCP Connector on port 60638" [_thread_in_native, id=21268, stack(0x00000042dfc00000,0x00000042dfd00000)]
  0x00000188d3ec3080 JavaThread "Daemon periodic checks" [_thread_blocked, id=5088, stack(0x00000042dfd00000,0x00000042dfe00000)]
  0x00000188b3431fd0 JavaThread "Cache worker for journal cache (C:\Users\tejas\.gradle\caches\journal-1)" [_thread_blocked, id=8200, stack(0x00000042e0500000,0x00000042e0600000)]
  0x00000188b34324e0 JavaThread "File lock request listener" [_thread_in_native, id=14284, stack(0x00000042e0600000,0x00000042e0700000)]
  0x00000188b34329f0 JavaThread "Cache worker for file hash cache (C:\Users\tejas\.gradle\caches\8.8\fileHashes)" [_thread_blocked, id=14288, stack(0x00000042e0700000,0x00000042e0800000)]
  0x00000188d46b7bb0 JavaThread "File watcher server" daemon [_thread_in_native, id=2036, stack(0x00000042e0d00000,0x00000042e0e00000)]
  0x00000188d46bdbe0 JavaThread "File watcher consumer" daemon [_thread_blocked, id=5588, stack(0x00000042e0e00000,0x00000042e0f00000)]
  0x00000188d46be0f0 JavaThread "Cache worker for file content cache (C:\Users\tejas\.gradle\caches\8.8\fileContent)" [_thread_blocked, id=15368, stack(0x00000042e1200000,0x00000042e1300000)]
  0x00000188d46b9a10 JavaThread "jar transforms" [_thread_blocked, id=15176, stack(0x00000042e1600000,0x00000042e1700000)]
  0x00000188d4dace60 JavaThread "Memory manager" [_thread_blocked, id=14628, stack(0x00000042e3c00000,0x00000042e3d00000)]
  0x00000188d9796da0 JavaThread "ForkJoinPool.commonPool-worker-1" daemon [_thread_blocked, id=21264, stack(0x00000042e3e00000,0x00000042e3f00000)]
  0x00000188d9794010 JavaThread "ForkJoinPool.commonPool-worker-2" daemon [_thread_blocked, id=11284, stack(0x00000042e3f00000,0x00000042e4000000)]
  0x00000188d9796380 JavaThread "ForkJoinPool.commonPool-worker-5" daemon [_thread_blocked, id=12232, stack(0x00000042e4200000,0x00000042e4300000)]
  0x00000188d97977c0 JavaThread "ForkJoinPool.commonPool-worker-6" daemon [_thread_blocked, id=18936, stack(0x00000042e4300000,0x00000042e4400000)]
  0x00000188d97972b0 JavaThread "ForkJoinPool.commonPool-worker-7" daemon [_thread_blocked, id=18476, stack(0x00000042e4400000,0x00000042e4500000)]
  0x00000188d97981e0 JavaThread "ForkJoinPool.commonPool-worker-9" daemon [_thread_blocked, id=17076, stack(0x00000042e4600000,0x00000042e4700000)]
  0x00000188d9798c00 JavaThread "ForkJoinPool.commonPool-worker-10" daemon [_thread_blocked, id=6708, stack(0x00000042e4700000,0x00000042e4800000)]
  0x00000188d9797cd0 JavaThread "ForkJoinPool.commonPool-worker-11" daemon [_thread_blocked, id=18216, stack(0x00000042e4800000,0x00000042e4900000)]
  0x00000188d7b2a6a0 JavaThread "RMI Scheduler(0)" daemon [_thread_blocked, id=15792, stack(0x00000042e1800000,0x00000042e1900000)]
  0x00000188d46ed9e0 JavaThread "RMI GC Daemon" daemon [_thread_blocked, id=3940, stack(0x00000042e6d00000,0x00000042e6e00000)]
  0x00000188d46ecfc0 JavaThread "RMI TCP Accept-0" daemon [_thread_in_native, id=6296, stack(0x00000042e6e00000,0x00000042e6f00000)]
  0x00000188d46ebb80 JavaThread "RMI Reaper" [_thread_blocked, id=3180, stack(0x00000042e6f00000,0x00000042e7000000)]
  0x00000188b3a0a600 JavaThread "jar transforms Thread 2" [_thread_blocked, id=7636, stack(0x00000042ea000000,0x00000042ea100000)]
  0x00000188b3a0ece0 JavaThread "jar transforms Thread 3" [_thread_blocked, id=22144, stack(0x00000042ea200000,0x00000042ea300000)]
  0x00000188d4828f50 JavaThread "jar transforms Thread 4" [_thread_blocked, id=16448, stack(0x00000042eb500000,0x00000042eb600000)]
  0x00000188d4825cb0 JavaThread "jar transforms Thread 5" [_thread_blocked, id=21220, stack(0x00000042e9500000,0x00000042e9600000)]
  0x00000188d4823e50 JavaThread "jar transforms Thread 6" [_thread_blocked, id=7600, stack(0x00000042eb300000,0x00000042eb400000)]
  0x00000188db24b5f0 JavaThread "jar transforms Thread 7" [_thread_blocked, id=5388, stack(0x00000042eb800000,0x00000042eb900000)]
  0x00000188db246a00 JavaThread "jar transforms Thread 8" [_thread_blocked, id=6564, stack(0x00000042eba00000,0x00000042ebb00000)]
  0x00000188db24bb00 JavaThread "jar transforms Thread 9" [_thread_blocked, id=10100, stack(0x00000042ebc00000,0x00000042ebd00000)]
  0x00000188db249ca0 JavaThread "jar transforms Thread 10" [_thread_blocked, id=5080, stack(0x00000042ebd00000,0x00000042ebe00000)]
  0x00000188db248860 JavaThread "jar transforms Thread 11" [_thread_blocked, id=21320, stack(0x00000042ebe00000,0x00000042ebf00000)]
  0x00000188db249790 JavaThread "jar transforms Thread 12" [_thread_blocked, id=13092, stack(0x00000042ebf00000,0x00000042ec000000)]
  0x00000188b3a0ab10 JavaThread "Daemon Thread 4" [_thread_blocked, id=6112, stack(0x00000042ddf00000,0x00000042de000000)]
  0x00000188b3a0b020 JavaThread "Handler for socket connection from /127.0.0.1:60638 to /127.0.0.1:51511" [_thread_in_native, id=784, stack(0x00000042de000000,0x00000042de100000)]
  0x00000188b3a091c0 JavaThread "Cancel handler" [_thread_blocked, id=20292, stack(0x00000042df500000,0x00000042df600000)]
  0x00000188b3a0d390 JavaThread "Daemon worker Thread 4" [_thread_blocked, id=12836, stack(0x00000042dfe00000,0x00000042dff00000)]
  0x00000188b3a09be0 JavaThread "Asynchronous log dispatcher for DefaultDaemonConnection: socket connection from /127.0.0.1:60638 to /127.0.0.1:51511" [_thread_blocked, id=15448, stack(0x00000042dff00000,0x00000042e0000000)]
  0x00000188b3a087a0 JavaThread "Stdin handler" [_thread_blocked, id=8036, stack(0x00000042e0000000,0x00000042e0100000)]
  0x00000188b3a07d80 JavaThread "Daemon client event forwarder" [_thread_blocked, id=1828, stack(0x00000042e0100000,0x00000042e0200000)]
  0x00000188b3a096d0 JavaThread "Cache worker for file hash cache (C:\nirbhava-dev1\android\.gradle\8.8\fileHashes)" [_thread_blocked, id=10448, stack(0x00000042e0200000,0x00000042e0300000)]
  0x00000188b3a0b530 JavaThread "Cache worker for checksums cache (C:\nirbhava-dev1\android\.gradle\8.8\checksums)" [_thread_blocked, id=12716, stack(0x00000042e0300000,0x00000042e0400000)]
  0x00000188b3a0d8a0 JavaThread "Cache worker for cache directory md-rule (C:\Users\tejas\.gradle\caches\8.8\md-rule)" [_thread_blocked, id=6436, stack(0x00000042e0400000,0x00000042e0500000)]
  0x00000188b3a0ddb0 JavaThread "Cache worker for cache directory md-supplier (C:\Users\tejas\.gradle\caches\8.8\md-supplier)" [_thread_blocked, id=14780, stack(0x00000042e0800000,0x00000042e0900000)]
  0x00000188b3a08cb0 JavaThread "Unconstrained build operations" [_thread_blocked, id=14304, stack(0x00000042e1300000,0x00000042e1400000)]
  0x00000188b3a0c970 JavaThread "Unconstrained build operations Thread 2" [_thread_blocked, id=22480, stack(0x00000042e1400000,0x00000042e1500000)]
  0x00000188b3a0ba40 JavaThread "Unconstrained build operations Thread 3" [_thread_blocked, id=6508, stack(0x00000042e1500000,0x00000042e1600000)]
  0x00000188b3a08290 JavaThread "Unconstrained build operations Thread 4" [_thread_blocked, id=14852, stack(0x00000042e1700000,0x00000042e1800000)]
  0x00000188b3a0e7d0 JavaThread "Cache worker for Build Output Cleanup Cache (C:\nirbhava-dev1\node_modules\@react-native\gradle-plugin\.gradle\buildOutputCleanup)" [_thread_blocked, id=13820, stack(0x00000042e1900000,0x00000042e1a00000)]
  0x00000188b3a0a0f0 JavaThread "Unconstrained build operations Thread 5" [_thread_blocked, id=3660, stack(0x00000042e1a00000,0x00000042e1b00000)]
  0x00000188b3a0f700 JavaThread "Unconstrained build operations Thread 6" [_thread_blocked, id=17080, stack(0x00000042e1b00000,0x00000042e1c00000)]
  0x00000188b3a0bf50 JavaThread "Unconstrained build operations Thread 7" [_thread_blocked, id=13336, stack(0x00000042e1c00000,0x00000042e1d00000)]
  0x00000188b3a0f1f0 JavaThread "Unconstrained build operations Thread 8" [_thread_blocked, id=17248, stack(0x00000042e1d00000,0x00000042e1e00000)]
  0x00000188b3a0c460 JavaThread "Unconstrained build operations Thread 9" [_thread_blocked, id=19260, stack(0x00000042e1e00000,0x00000042e1f00000)]
  0x00000188b3a0ce80 JavaThread "Unconstrained build operations Thread 10" [_thread_blocked, id=13724, stack(0x00000042e1f00000,0x00000042e2000000)]
  0x00000188d5f99130 JavaThread "Unconstrained build operations Thread 11" [_thread_blocked, id=18040, stack(0x00000042e2000000,0x00000042e2100000)]
  0x00000188d5f968b0 JavaThread "Unconstrained build operations Thread 12" [_thread_blocked, id=5624, stack(0x00000042e2100000,0x00000042e2200000)]
  0x00000188d5f9e230 JavaThread "Unconstrained build operations Thread 13" [_thread_blocked, id=15976, stack(0x00000042e2200000,0x00000042e2300000)]
  0x00000188d5f972d0 JavaThread "Unconstrained build operations Thread 14" [_thread_blocked, id=8040, stack(0x00000042e2300000,0x00000042e2400000)]
  0x00000188d5f9a060 JavaThread "Unconstrained build operations Thread 15" [_thread_blocked, id=14140, stack(0x00000042e2400000,0x00000042e2500000)]
  0x00000188d5f96dc0 JavaThread "Unconstrained build operations Thread 16" [_thread_blocked, id=1328, stack(0x00000042e2500000,0x00000042e2600000)]
  0x00000188d5f9c8e0 JavaThread "Unconstrained build operations Thread 17" [_thread_blocked, id=4032, stack(0x00000042e2600000,0x00000042e2700000)]
  0x00000188d5f977e0 JavaThread "Unconstrained build operations Thread 18" [_thread_blocked, id=1308, stack(0x00000042e2800000,0x00000042e2900000)]
  0x00000188d5f99640 JavaThread "Unconstrained build operations Thread 19" [_thread_blocked, id=2720, stack(0x00000042e2900000,0x00000042e2a00000)]
  0x00000188d5f9cdf0 JavaThread "Unconstrained build operations Thread 20" [_thread_blocked, id=2224, stack(0x00000042e2a00000,0x00000042e2b00000)]
  0x00000188d5f97cf0 JavaThread "Unconstrained build operations Thread 21" [_thread_blocked, id=11884, stack(0x00000042e2b00000,0x00000042e2c00000)]
  0x00000188d5f98200 JavaThread "Unconstrained build operations Thread 22" [_thread_blocked, id=13564, stack(0x00000042e2c00000,0x00000042e2d00000)]
  0x00000188d5f9b4a0 JavaThread "Unconstrained build operations Thread 23" [_thread_blocked, id=6180, stack(0x00000042e2d00000,0x00000042e2e00000)]
  0x00000188d5f99b50 JavaThread "Unconstrained build operations Thread 24" [_thread_blocked, id=11612, stack(0x00000042e2e00000,0x00000042e2f00000)]
  0x00000188d5f98710 JavaThread "Unconstrained build operations Thread 25" [_thread_blocked, id=18684, stack(0x00000042e2f00000,0x00000042e3000000)]
  0x00000188d5f98c20 JavaThread "Unconstrained build operations Thread 26" [_thread_blocked, id=19200, stack(0x00000042e3000000,0x00000042e3100000)]
  0x00000188d5f9a570 JavaThread "build event listener" [_thread_blocked, id=10032, stack(0x00000042e3100000,0x00000042e3200000)]
  0x00000188d5f9aa80 JavaThread "included builds" [_thread_blocked, id=19540, stack(0x00000042e3200000,0x00000042e3300000)]
  0x00000188d5f9af90 JavaThread "Execution worker" [_thread_blocked, id=17344, stack(0x00000042e3300000,0x00000042e3400000)]
  0x00000188d5f9b9b0 JavaThread "Execution worker Thread 2" [_thread_blocked, id=20756, stack(0x00000042e3400000,0x00000042e3500000)]
  0x00000188d5f9bec0 JavaThread "Execution worker Thread 3" [_thread_blocked, id=6156, stack(0x00000042e3500000,0x00000042e3600000)]
  0x00000188d5f9c3d0 JavaThread "Execution worker Thread 4" [_thread_blocked, id=10192, stack(0x00000042e3600000,0x00000042e3700000)]
  0x00000188d5f9d810 JavaThread "Execution worker Thread 5" [_thread_blocked, id=1600, stack(0x00000042e3700000,0x00000042e3800000)]
  0x00000188d5f9dd20 JavaThread "Execution worker Thread 6" [_thread_blocked, id=9864, stack(0x00000042e3800000,0x00000042e3900000)]
  0x00000188d7b2bff0 JavaThread "Execution worker Thread 7" [_thread_blocked, id=22472, stack(0x00000042e3900000,0x00000042e3a00000)]
  0x00000188d7b27910 JavaThread "Execution worker Thread 8" [_thread_blocked, id=16696, stack(0x00000042e3a00000,0x00000042e3b00000)]
  0x00000188d7b28840 JavaThread "Execution worker Thread 9" [_thread_blocked, id=17860, stack(0x00000042e3b00000,0x00000042e3c00000)]
  0x00000188d7b29770 JavaThread "Execution worker Thread 10" [_thread_blocked, id=10036, stack(0x00000042e3d00000,0x00000042e3e00000)]
  0x00000188d7b29c80 JavaThread "Execution worker Thread 11" [_thread_blocked, id=9796, stack(0x00000042e4100000,0x00000042e4200000)]
  0x00000188d7b28330 JavaThread "Cache worker for execution history cache (C:\nirbhava-dev1\node_modules\@react-native\gradle-plugin\.gradle\8.8\executionHistory)" [_thread_blocked, id=14296, stack(0x00000042e4500000,0x00000042e4600000)]
  0x00000188d7b25ab0 JavaThread "Unconstrained build operations Thread 27" [_thread_blocked, id=8960, stack(0x00000042e4900000,0x00000042e4a00000)]
  0x00000188d7b2c500 JavaThread "Unconstrained build operations Thread 28" [_thread_blocked, id=2856, stack(0x00000042e4a00000,0x00000042e4b00000)]
  0x00000188d7b2a190 JavaThread "Unconstrained build operations Thread 29" [_thread_blocked, id=15420, stack(0x00000042e4b00000,0x00000042e4c00000)]
  0x00000188d7b27e20 JavaThread "Unconstrained build operations Thread 30" [_thread_blocked, id=5240, stack(0x00000042e4c00000,0x00000042e4d00000)]
  0x00000188d7b264d0 JavaThread "Unconstrained build operations Thread 31" [_thread_blocked, id=15848, stack(0x00000042e4d00000,0x00000042e4e00000)]
  0x00000188d7b2abb0 JavaThread "Unconstrained build operations Thread 32" [_thread_blocked, id=10836, stack(0x00000042e4e00000,0x00000042e4f00000)]
  0x00000188d7b2b0c0 JavaThread "Unconstrained build operations Thread 33" [_thread_blocked, id=18248, stack(0x00000042e4f00000,0x00000042e5000000)]
  0x00000188d7b2b5d0 JavaThread "Unconstrained build operations Thread 34" [_thread_blocked, id=6308, stack(0x00000042e5000000,0x00000042e5100000)]
  0x00000188d7b2cf20 JavaThread "Unconstrained build operations Thread 35" [_thread_blocked, id=5164, stack(0x00000042e5100000,0x00000042e5200000)]
  0x00000188d7b2bae0 JavaThread "Unconstrained build operations Thread 36" [_thread_blocked, id=16580, stack(0x00000042e5200000,0x00000042e5300000)]
  0x00000188d7b2ca10 JavaThread "Unconstrained build operations Thread 37" [_thread_blocked, id=5056, stack(0x00000042e5300000,0x00000042e5400000)]
  0x00000188d7b2d430 JavaThread "Unconstrained build operations Thread 38" [_thread_blocked, id=4716, stack(0x00000042e5400000,0x00000042e5500000)]
  0x00000188d7b26ef0 JavaThread "Unconstrained build operations Thread 39" [_thread_blocked, id=19736, stack(0x00000042e5500000,0x00000042e5600000)]
  0x00000188d7b25fc0 JavaThread "Unconstrained build operations Thread 40" [_thread_blocked, id=13548, stack(0x00000042e5600000,0x00000042e5700000)]
  0x00000188d7b269e0 JavaThread "Unconstrained build operations Thread 41" [_thread_blocked, id=19560, stack(0x00000042e5700000,0x00000042e5800000)]
  0x00000188d7b27400 JavaThread "Unconstrained build operations Thread 42" [_thread_blocked, id=9624, stack(0x00000042e5800000,0x00000042e5900000)]
  0x00000188d4822f20 JavaThread "Unconstrained build operations Thread 43" [_thread_blocked, id=14540, stack(0x00000042e5900000,0x00000042e5a00000)]
  0x00000188d4828a40 JavaThread "Unconstrained build operations Thread 44" [_thread_blocked, id=12304, stack(0x00000042e5a00000,0x00000042e5b00000)]
  0x00000188d4828020 JavaThread "Unconstrained build operations Thread 45" [_thread_blocked, id=21880, stack(0x00000042e5b00000,0x00000042e5c00000)]
  0x00000188d4829460 JavaThread "Unconstrained build operations Thread 46" [_thread_blocked, id=6324, stack(0x00000042e5c00000,0x00000042e5d00000)]
  0x00000188d4824870 JavaThread "Unconstrained build operations Thread 47" [_thread_blocked, id=17116, stack(0x00000042e5d00000,0x00000042e5e00000)]
  0x00000188d4823430 JavaThread "Unconstrained build operations Thread 48" [_thread_blocked, id=11276, stack(0x00000042e5e00000,0x00000042e5f00000)]
  0x00000188d4823940 JavaThread "Unconstrained build operations Thread 49" [_thread_blocked, id=15496, stack(0x00000042e5f00000,0x00000042e6000000)]
  0x00000188d4828530 JavaThread "Unconstrained build operations Thread 50" [_thread_blocked, id=3512, stack(0x00000042e6000000,0x00000042e6100000)]
  0x00000188d4825290 JavaThread "Unconstrained build operations Thread 51" [_thread_blocked, id=2076, stack(0x00000042e6100000,0x00000042e6200000)]
  0x00000188d48257a0 JavaThread "Unconstrained build operations Thread 52" [_thread_blocked, id=20728, stack(0x00000042e6200000,0x00000042e6300000)]
  0x00000188d4824360 JavaThread "Unconstrained build operations Thread 53" [_thread_blocked, id=5140, stack(0x00000042e6300000,0x00000042e6400000)]
  0x00000188d4824d80 JavaThread "Unconstrained build operations Thread 54" [_thread_blocked, id=3576, stack(0x00000042e6400000,0x00000042e6500000)]
  0x00000188d4827600 JavaThread "Unconstrained build operations Thread 55" [_thread_blocked, id=9656, stack(0x00000042e6500000,0x00000042e6600000)]
  0x00000188d48266d0 JavaThread "Unconstrained build operations Thread 56" [_thread_blocked, id=10724, stack(0x00000042e6600000,0x00000042e6700000)]
  0x00000188d4827b10 JavaThread "Unconstrained build operations Thread 57" [_thread_blocked, id=10128, stack(0x00000042e6700000,0x00000042e6800000)]
  0x00000188d4826be0 JavaThread "Unconstrained build operations Thread 58" [_thread_blocked, id=1636, stack(0x00000042e6800000,0x00000042e6900000)]
  0x00000188d46bccb0 JavaThread "Unconstrained build operations Thread 59" [_thread_blocked, id=13208, stack(0x00000042e6900000,0x00000042e6a00000)]
  0x00000188d46bb870 JavaThread "Unconstrained build operations Thread 60" [_thread_blocked, id=17084, stack(0x00000042e6a00000,0x00000042e6b00000)]
  0x00000188d46b80c0 JavaThread "Unconstrained build operations Thread 61" [_thread_blocked, id=20036, stack(0x00000042e6b00000,0x00000042e6c00000)]
  0x00000188d46bbd80 JavaThread "Cache worker for Build Output Cleanup Cache (C:\nirbhava-dev1\android\.gradle\buildOutputCleanup)" [_thread_blocked, id=10040, stack(0x00000042e1100000,0x00000042e1200000)]
  0x00000188d46bae50 JavaThread "Unconstrained build operations Thread 62" [_thread_blocked, id=6804, stack(0x00000042e7000000,0x00000042e7100000)]
  0x00000188d46b8ff0 JavaThread "Unconstrained build operations Thread 63" [_thread_blocked, id=20468, stack(0x00000042e7100000,0x00000042e7200000)]
  0x00000188d46b8ae0 JavaThread "Unconstrained build operations Thread 64" [_thread_blocked, id=17616, stack(0x00000042e7200000,0x00000042e7300000)]
  0x00000188d46bb360 JavaThread "Unconstrained build operations Thread 65" [_thread_blocked, id=10568, stack(0x00000042e7300000,0x00000042e7400000)]
  0x00000188d46beb10 JavaThread "Unconstrained build operations Thread 66" [_thread_blocked, id=20460, stack(0x00000042e7400000,0x00000042e7500000)]
  0x00000188d46bc290 JavaThread "Unconstrained build operations Thread 67" [_thread_blocked, id=7064, stack(0x00000042e7500000,0x00000042e7600000)]
  0x00000188d46bd1c0 JavaThread "Unconstrained build operations Thread 68" [_thread_blocked, id=19988, stack(0x00000042e7600000,0x00000042e7700000)]
  0x00000188d46b85d0 JavaThread "Unconstrained build operations Thread 69" [_thread_blocked, id=21568, stack(0x00000042e7700000,0x00000042e7800000)]
  0x00000188d46be600 JavaThread "Unconstrained build operations Thread 70" [_thread_blocked, id=14840, stack(0x00000042e7800000,0x00000042e7900000)]
  0x00000188d46bf530 JavaThread "Unconstrained build operations Thread 71" [_thread_blocked, id=18204, stack(0x00000042e7900000,0x00000042e7a00000)]
  0x00000188d46b9500 JavaThread "Unconstrained build operations Thread 72" [_thread_blocked, id=9860, stack(0x00000042e7a00000,0x00000042e7b00000)]
  0x00000188d46b9f20 JavaThread "Unconstrained build operations Thread 73" [_thread_blocked, id=11684, stack(0x00000042e7b00000,0x00000042e7c00000)]
  0x00000188d9795e70 JavaThread "Unconstrained build operations Thread 74" [_thread_blocked, id=14252, stack(0x00000042e7c00000,0x00000042e7d00000)]
  0x00000188d97935f0 JavaThread "Unconstrained build operations Thread 75" [_thread_blocked, id=4180, stack(0x00000042e7d00000,0x00000042e7e00000)]
  0x00000188d97930e0 JavaThread "Unconstrained build operations Thread 76" [_thread_blocked, id=13332, stack(0x00000042e7e00000,0x00000042e7f00000)]
  0x00000188d9793b00 JavaThread "Unconstrained build operations Thread 77" [_thread_blocked, id=11676, stack(0x00000042e7f00000,0x00000042e8000000)]
  0x00000188d9795960 JavaThread "Unconstrained build operations Thread 78" [_thread_blocked, id=2256, stack(0x00000042e8000000,0x00000042e8100000)]
  0x00000188d97986f0 JavaThread "Unconstrained build operations Thread 79" [_thread_blocked, id=1100, stack(0x00000042e8100000,0x00000042e8200000)]
  0x00000188d9799110 JavaThread "Unconstrained build operations Thread 80" [_thread_blocked, id=21476, stack(0x00000042e8200000,0x00000042e8300000)]
  0x00000188d9799620 JavaThread "Unconstrained build operations Thread 81" [_thread_blocked, id=6880, stack(0x00000042e8300000,0x00000042e8400000)]
  0x00000188d9794a30 JavaThread "Unconstrained build operations Thread 82" [_thread_blocked, id=20140, stack(0x00000042e8400000,0x00000042e8500000)]
  0x00000188d9795450 JavaThread "Unconstrained build operations Thread 83" [_thread_blocked, id=5340, stack(0x00000042e8500000,0x00000042e8600000)]
  0x00000188d9796890 JavaThread "Unconstrained build operations Thread 84" [_thread_blocked, id=16820, stack(0x00000042e8600000,0x00000042e8700000)]
  0x00000188d9791ca0 JavaThread "Unconstrained build operations Thread 85" [_thread_blocked, id=21352, stack(0x00000042e8700000,0x00000042e8800000)]
  0x00000188d97921b0 JavaThread "Unconstrained build operations Thread 86" [_thread_blocked, id=19096, stack(0x00000042e8800000,0x00000042e8900000)]
  0x00000188d9792bd0 JavaThread "Unconstrained build operations Thread 87" [_thread_blocked, id=17504, stack(0x00000042e8900000,0x00000042e8a00000)]
  0x00000188d97926c0 JavaThread "Unconstrained build operations Thread 88" [_thread_blocked, id=3060, stack(0x00000042e8a00000,0x00000042e8b00000)]
  0x00000188d9794f40 JavaThread "Unconstrained build operations Thread 89" [_thread_blocked, id=20032, stack(0x00000042e8b00000,0x00000042e8c00000)]
  0x00000188db247420 JavaThread "Unconstrained build operations Thread 90" [_thread_blocked, id=10552, stack(0x00000042e8c00000,0x00000042e8d00000)]
  0x00000188db251620 JavaThread "Unconstrained build operations Thread 91" [_thread_blocked, id=18692, stack(0x00000042e8d00000,0x00000042e8e00000)]
  0x00000188db252550 JavaThread "Unconstrained build operations Thread 92" [_thread_blocked, id=11932, stack(0x00000042e8e00000,0x00000042e8f00000)]
  0x00000188db2548c0 JavaThread "Unconstrained build operations Thread 93" [_thread_blocked, id=1812, stack(0x00000042e8f00000,0x00000042e9000000)]
  0x00000188db24f2b0 JavaThread "build event listener" [_thread_blocked, id=18452, stack(0x00000042e9000000,0x00000042e9100000)]
  0x00000188db2501e0 JavaThread "Unconstrained build operations Thread 94" [_thread_blocked, id=17096, stack(0x00000042e9100000,0x00000042e9200000)]
  0x00000188db2552e0 JavaThread "Unconstrained build operations Thread 95" [_thread_blocked, id=17012, stack(0x00000042e9200000,0x00000042e9300000)]
  0x00000188db2557f0 JavaThread "Unconstrained build operations Thread 96" [_thread_blocked, id=15128, stack(0x00000042e9300000,0x00000042e9400000)]
  0x00000188db255d00 JavaThread "Unconstrained build operations Thread 97" [_thread_blocked, id=9816, stack(0x00000042e9400000,0x00000042e9500000)]
  0x00000188db251110 JavaThread "Unconstrained build operations Thread 98" [_thread_blocked, id=18252, stack(0x00000042e9600000,0x00000042e9700000)]
  0x00000188db24fcd0 JavaThread "Unconstrained build operations Thread 99" [_thread_blocked, id=19368, stack(0x00000042e9700000,0x00000042e9800000)]
  0x00000188db2506f0 JavaThread "Unconstrained build operations Thread 100" [_thread_blocked, id=7820, stack(0x00000042e9800000,0x00000042e9900000)]
  0x00000188db250c00 JavaThread "Unconstrained build operations Thread 101" [_thread_blocked, id=7392, stack(0x00000042e9900000,0x00000042e9a00000)]
  0x00000188db251b30 JavaThread "Unconstrained build operations Thread 102" [_thread_blocked, id=16236, stack(0x00000042e9a00000,0x00000042e9b00000)]
  0x00000188db252040 JavaThread "Unconstrained build operations Thread 103" [_thread_blocked, id=13584, stack(0x00000042e9b00000,0x00000042e9c00000)]
  0x00000188d46eb670 JavaThread "Unconstrained build operations Thread 104" [_thread_blocked, id=6432, stack(0x00000042e9c00000,0x00000042e9d00000)]
  0x00000188d46ea740 JavaThread "Unconstrained build operations Thread 105" [_thread_blocked, id=21740, stack(0x00000042e9d00000,0x00000042e9e00000)]
  0x00000188d46eac50 JavaThread "Unconstrained build operations Thread 106" [_thread_blocked, id=21988, stack(0x00000042e9e00000,0x00000042e9f00000)]
  0x00000188d46eb160 JavaThread "Unconstrained build operations Thread 107" [_thread_blocked, id=3080, stack(0x00000042e9f00000,0x00000042ea000000)]
  0x00000188d46ec090 JavaThread "Unconstrained build operations Thread 108" [_thread_blocked, id=19288, stack(0x00000042ea100000,0x00000042ea200000)]
  0x00000188d46ec5a0 JavaThread "Unconstrained build operations Thread 109" [_thread_blocked, id=20552, stack(0x00000042ea300000,0x00000042ea400000)]
  0x00000188d46ecab0 JavaThread "Unconstrained build operations Thread 110" [_thread_blocked, id=3896, stack(0x00000042ea400000,0x00000042ea500000)]
  0x00000188d46ed4d0 JavaThread "Unconstrained build operations Thread 111" [_thread_blocked, id=13844, stack(0x00000042ea500000,0x00000042ea600000)]
  0x00000188d46edef0 JavaThread "Unconstrained build operations Thread 112" [_thread_blocked, id=21748, stack(0x00000042ea600000,0x00000042ea700000)]
  0x00000188b3432f00 JavaThread "Unconstrained build operations Thread 113" [_thread_blocked, id=11544, stack(0x00000042ea700000,0x00000042ea800000)]
  0x00000188b342fc60 JavaThread "Unconstrained build operations Thread 114" [_thread_blocked, id=2928, stack(0x00000042ea800000,0x00000042ea900000)]
  0x00000188b3430b90 JavaThread "Unconstrained build operations Thread 115" [_thread_blocked, id=5892, stack(0x00000042ea900000,0x00000042eaa00000)]
  0x00000188b3430170 JavaThread "Unconstrained build operations Thread 116" [_thread_blocked, id=20608, stack(0x00000042eaa00000,0x00000042eab00000)]
  0x00000188b34310a0 JavaThread "Unconstrained build operations Thread 117" [_thread_blocked, id=14992, stack(0x00000042eab00000,0x00000042eac00000)]
  0x00000188b34315b0 JavaThread "Unconstrained build operations Thread 118" [_thread_blocked, id=18504, stack(0x00000042eac00000,0x00000042ead00000)]
  0x00000188b3430680 JavaThread "Unconstrained build operations Thread 119" [_thread_blocked, id=4784, stack(0x00000042ead00000,0x00000042eae00000)]
  0x00000188d4dab510 JavaThread "Unconstrained build operations Thread 120" [_thread_blocked, id=9672, stack(0x00000042eae00000,0x00000042eaf00000)]
  0x00000188b384dab0 JavaThread "Cache worker for execution history cache (C:\nirbhava-dev1\android\.gradle\8.8\executionHistory)" [_thread_blocked, id=17776, stack(0x00000042eb200000,0x00000042eb300000)]
  0x00000188b384dfc0 JavaThread "WorkerExecutor Queue" [_thread_blocked, id=5576, stack(0x00000042eb400000,0x00000042eb500000)]
  0x00000188b384e9e0 JavaThread "WorkerExecutor Queue Thread 2" [_thread_blocked, id=15136, stack(0x00000042eb600000,0x00000042eb700000)]
  0x00000188b38535d0 JavaThread "WorkerExecutor Queue Thread 3" [_thread_blocked, id=6928, stack(0x00000042eb700000,0x00000042eb800000)]
  0x00000188b3853ff0 JavaThread "WorkerExecutor Queue Thread 4" [_thread_blocked, id=4056, stack(0x00000042eb900000,0x00000042eba00000)]
  0x00000188b3850330 JavaThread "WorkerExecutor Queue Thread 5" [_thread_in_native, id=5552, stack(0x00000042ebb00000,0x00000042ebc00000)]
  0x00000188b3850d50 JavaThread "WorkerExecutor Queue Thread 6" [_thread_blocked, id=17016, stack(0x00000042ec200000,0x00000042ec300000)]
  0x00000188b384cb80 JavaThread "WorkerExecutor Queue Thread 9" [_thread_blocked, id=8776, stack(0x00000042ec500000,0x00000042ec600000)]
  0x00000188b3852190 JavaThread "WorkerExecutor Queue Thread 11" [_thread_blocked, id=1460, stack(0x00000042ec700000,0x00000042ec800000)]
  0x00000188b3854f20 JavaThread "WorkerExecutor Queue Thread 13" [_thread_in_native, id=14876, stack(0x00000042ecb00000,0x00000042ecc00000)]
  0x00000188b384f400 JavaThread "RMI TCP Accept-0" daemon [_thread_in_native, id=13488, stack(0x00000042ecd00000,0x00000042ece00000)]
  0x00000188b3856870 JavaThread "RMI TCP Connection(idle)" daemon [_thread_blocked, id=8780, stack(0x00000042ece00000,0x00000042ecf00000)]
  0x00000188b3856d80 JavaThread "pool-5-thread-1" [_thread_blocked, id=1420, stack(0x00000042ecf00000,0x00000042ed000000)]
  0x00000188b3857290 JavaThread "stderr" [_thread_in_native, id=17044, stack(0x00000042ed000000,0x00000042ed100000)]
  0x00000188b38577a0 JavaThread "stdout" [_thread_in_native, id=21900, stack(0x00000042ed100000,0x00000042ed200000)]
  0x00000188b384eef0 JavaThread "Cache worker for Java compile cache (C:\Users\tejas\.gradle\caches\8.8\javaCompile)" [_thread_blocked, id=13036, stack(0x00000042ec400000,0x00000042ec500000)]
  0x00000188b3858be0 JavaThread "Build operations" [_thread_blocked, id=16208, stack(0x00000042ed200000,0x00000042ed300000)]
  0x00000188b38590f0 JavaThread "Build operations Thread 2" [_thread_blocked, id=6552, stack(0x00000042ed300000,0x00000042ed400000)]
  0x00000188b3859600 JavaThread "Build operations Thread 3" [_thread_blocked, id=19164, stack(0x00000042ed400000,0x00000042ed500000)]
  0x00000188b3859b10 JavaThread "Build operations Thread 4" [_thread_blocked, id=12760, stack(0x00000042ed500000,0x00000042ed600000)]
  0x00000188b385a020 JavaThread "Build operations Thread 5" [_thread_blocked, id=1556, stack(0x00000042ed600000,0x00000042ed700000)]
  0x00000188b385b970 JavaThread "Build operations Thread 6" [_thread_blocked, id=12584, stack(0x00000042ed700000,0x00000042ed800000)]
  0x00000188b385a530 JavaThread "Build operations Thread 7" [_thread_blocked, id=8140, stack(0x00000042ed800000,0x00000042ed900000)]
  0x00000188b385aa40 JavaThread "Build operations Thread 8" [_thread_blocked, id=376, stack(0x00000042ed900000,0x00000042eda00000)]
  0x00000188b385af50 JavaThread "Build operations Thread 9" [_thread_blocked, id=5512, stack(0x00000042eda00000,0x00000042edb00000)]
  0x00000188b385b460 JavaThread "Build operations Thread 10" [_thread_blocked, id=15632, stack(0x00000042edb00000,0x00000042edc00000)]
  0x00000188b385be80 JavaThread "Build operations Thread 11" [_thread_blocked, id=1972, stack(0x00000042edc00000,0x00000042edd00000)]
  0x00000188db253ea0 JavaThread "Build operations Thread 12" [_thread_blocked, id=14672, stack(0x00000042edd00000,0x00000042ede00000)]
  0x00000188d4dad880 JavaThread "File lock release action executor" [_thread_blocked, id=22704, stack(0x00000042ee000000,0x00000042ee100000)]
  0x00000188e3465300 JavaThread "RMI TCP Connection(idle)" daemon [_thread_blocked, id=23152, stack(0x00000042ee200000,0x00000042ee300000)]
  0x00000188e3463ec0 JavaThread "RMI TCP Connection(idle)" daemon [_thread_blocked, id=23164, stack(0x00000042ee300000,0x00000042ee400000)]
  0x00000188e3467670 JavaThread "RMI RenewClean-[127.0.0.1:17858,org.jetbrains.kotlin.daemon.common.LoopbackNetworkInterface$ClientLoopbackSocketFactory@b1f512b]" daemon [_thread_blocked, id=23168, stack(0x00000042de100000,0x00000042de200000)]
  0x00000188e3464df0 JavaThread "RMI TCP Connection(idle)" daemon [_thread_blocked, id=23180, stack(0x00000042e2700000,0x00000042e2800000)]
  0x00000188e3462060 JavaThread "RMI TCP Connection(10)-127.0.0.1" daemon [_thread_in_native, id=23200, stack(0x00000042ee500000,0x00000042ee600000)]
  0x00000188e3462a80 JavaThread "RMI RenewClean-[127.0.0.1:17858,org.jetbrains.kotlin.daemon.common.LoopbackNetworkInterface$ClientLoopbackSocketFactory@3624bbd8]" daemon [_thread_blocked, id=23204, stack(0x00000042ee600000,0x00000042ee700000)]
  0x00000188e34643d0 JavaThread "RMI TCP Connection(idle)" daemon [_thread_blocked, id=23216, stack(0x00000042ee700000,0x00000042ee800000)]
  0x00000188d9526ac0 JavaThread "WorkerExecutor Queue Thread 16" [_thread_blocked, id=2568, stack(0x00000042e4000000,0x00000042e4100000)]
  0x00000188e5c01130 JavaThread "WorkerExecutor Queue Thread 18" [_thread_blocked, id=23128, stack(0x00000042ec600000,0x00000042ec700000)]
  0x00000188e5c3c380 JavaThread "WorkerExecutor Queue Thread 19" [_thread_blocked, id=23232, stack(0x00000042ee800000,0x00000042ee900000)]
  0x00000188d4e8cea0 JavaThread "Exec process" [_thread_in_native, id=23256, stack(0x00000042ecc00000,0x00000042ecd00000)]
  0x00000188e5c00200 JavaThread "Exec process Thread 2" [_thread_in_native, id=23264, stack(0x00000042ee100000,0x00000042ee200000)]
  0x00000188e5bffcf0 JavaThread "Exec process Thread 3" [_thread_in_native, id=8612, stack(0x00000042ee400000,0x00000042ee500000)]
  0x00000188e5e15a80 JavaThread "ForkJoinPool-1-worker-1" daemon [_thread_in_Java, id=23464, stack(0x00000042ec300000,0x00000042ec400000)]
  0x00000188e5c00c20 JavaThread "ForkJoinPool-1-worker-2" daemon [_thread_blocked, id=23244, stack(0x00000042ec800000,0x00000042ec900000)]
  0x00000188e5c3cda0 JavaThread "ForkJoinPool-1-worker-3" daemon [_thread_in_Java, id=17104, stack(0x00000042ee900000,0x00000042eea00000)]
  0x00000188e5c3c890 JavaThread "ForkJoinPool-1-worker-4" daemon [_thread_blocked, id=5972, stack(0x00000042eea00000,0x00000042eeb00000)]
  0x00000188d4e8bf70 JavaThread "ForkJoinPool-1-worker-5" daemon [_thread_in_Java, id=22692, stack(0x00000042eeb00000,0x00000042eec00000)]
  0x00000188b3856360 JavaThread "ForkJoinPool-1-worker-6" daemon [_thread_in_Java, id=5328, stack(0x00000042eec00000,0x00000042eed00000)]
  0x00000188e5c3b450 JavaThread "ForkJoinPool-1-worker-7" daemon [_thread_in_Java, id=15584, stack(0x00000042eed00000,0x00000042eee00000)]
  0x00000188d4e8d3b0 JavaThread "ForkJoinPool-1-worker-8" daemon [_thread_blocked, id=14236, stack(0x00000042eee00000,0x00000042eef00000)]
  0x00000188e1b0aec0 JavaThread "ForkJoinPool-1-worker-9" daemon [_thread_in_Java, id=10012, stack(0x00000042eef00000,0x00000042ef000000)]
  0x00000188e5c00710 JavaThread "ForkJoinPool-1-worker-10" daemon [_thread_in_Java, id=6172, stack(0x00000042ef000000,0x00000042ef100000)]
  0x00000188dae12a70 JavaThread "ForkJoinPool-1-worker-11" daemon [_thread_in_Java, id=13660, stack(0x00000042ef100000,0x00000042ef200000)]
  0x00000188d8c97a80 JavaThread "ForkJoinPool-1-worker-12" daemon [_thread_in_Java, id=2352, stack(0x00000042ef200000,0x00000042ef300000)]
  0x00000188e2c7ef40 JavaThread "C2 CompilerThread1" daemon [_thread_in_native, id=14696, stack(0x00000042ef300000,0x00000042ef400000)]

Other Threads:
  0x00000188b32a7a70 VMThread "VM Thread" [stack: 0x00000042de800000,0x00000042de900000] [id=6532]
  0x0000018894c652d0 WatcherThread [stack: 0x00000042df400000,0x00000042df500000] [id=19756]
  0x0000018894c4bf00 GCTaskThread "GC Thread#0" [stack: 0x00000042de300000,0x00000042de400000] [id=16848]
  0x00000188d311a2e0 GCTaskThread "GC Thread#1" [stack: 0x00000042df700000,0x00000042df800000] [id=10768]
  0x00000188d311a5a0 GCTaskThread "GC Thread#2" [stack: 0x00000042df800000,0x00000042df900000] [id=10772]
  0x00000188b3d1ef70 GCTaskThread "GC Thread#3" [stack: 0x00000042df900000,0x00000042dfa00000] [id=12004]
  0x00000188d3118c60 GCTaskThread "GC Thread#4" [stack: 0x00000042dfa00000,0x00000042dfb00000] [id=5036]
  0x00000188d3118f20 GCTaskThread "GC Thread#5" [stack: 0x00000042dfb00000,0x00000042dfc00000] [id=10280]
  0x00000188d49802b0 GCTaskThread "GC Thread#6" [stack: 0x00000042e0900000,0x00000042e0a00000] [id=10180]
  0x00000188d459aca0 GCTaskThread "GC Thread#7" [stack: 0x00000042e0a00000,0x00000042e0b00000] [id=5988]
  0x00000188d4628470 GCTaskThread "GC Thread#8" [stack: 0x00000042e0b00000,0x00000042e0c00000] [id=9724]
  0x00000188d5efd170 GCTaskThread "GC Thread#9" [stack: 0x00000042e0c00000,0x00000042e0d00000] [id=13012]
  0x0000018894c5cd60 ConcurrentGCThread "G1 Main Marker" [stack: 0x00000042de400000,0x00000042de500000] [id=21688]
  0x0000018894c5d680 ConcurrentGCThread "G1 Conc#0" [stack: 0x00000042de500000,0x00000042de600000] [id=14512]
  0x00000188d4967650 ConcurrentGCThread "G1 Conc#1" [stack: 0x00000042e0f00000,0x00000042e1000000] [id=20260]
  0x00000188d4967910 ConcurrentGCThread "G1 Conc#2" [stack: 0x00000042e1000000,0x00000042e1100000] [id=12972]
  0x0000018894cadd80 ConcurrentGCThread "G1 Refine#0" [stack: 0x00000042de600000,0x00000042de700000] [id=2924]
  0x00000188d959d9c0 ConcurrentGCThread "G1 Refine#1" [stack: 0x00000042ec000000,0x00000042ec100000] [id=17268]
  0x00000188d82d4210 ConcurrentGCThread "G1 Refine#2" [stack: 0x00000042e6c00000,0x00000042e6d00000] [id=17108]
  0x00000188dab55cb0 ConcurrentGCThread "G1 Refine#3" [stack: 0x00000042eaf00000,0x00000042eb000000] [id=11028]
  0x00000188dab553e0 ConcurrentGCThread "G1 Refine#4" [stack: 0x00000042eb000000,0x00000042eb100000] [id=15068]
  0x00000188e0117ef0 ConcurrentGCThread "G1 Refine#5" [stack: 0x00000042eb100000,0x00000042eb200000] [id=4092]
  0x00000188daf05f10 ConcurrentGCThread "G1 Refine#6" [stack: 0x00000042ec900000,0x00000042eca00000] [id=16480]
  0x00000188e18c24a0 ConcurrentGCThread "G1 Refine#7" [stack: 0x00000042eca00000,0x00000042ecb00000] [id=15812]
  0x0000018894cae6c0 ConcurrentGCThread "G1 Service" [stack: 0x00000042de700000,0x00000042de800000] [id=16964]

Threads with active compile tasks:
C2 CompilerThread0   467759 43512   !   4       com.android.tools.r8.dex.C::k (2698 bytes)
C1 CompilerThread0   467759 43822       3       com.android.tools.r8.dex.C::d (616 bytes)
C2 CompilerThread1   467759 43572       4       com.android.tools.r8.graph.j1$a::a (355 bytes)

VM state: not at safepoint (normal execution)

VM Mutex/Monitor currently owned by a thread: None

Heap address: 0x0000000080000000, size: 2048 MB, Compressed Oops mode: 32-bit

CDS archive(s) mapped at: [0x00000188b4000000-0x00000188b4bd0000-0x00000188b4bd0000), size 12386304, SharedBaseAddress: 0x00000188b4000000, ArchiveRelocationMode: 1.
Compressed class space mapped at: 0x00000188b5000000-0x00000188cf000000, reserved size: 436207616
Narrow klass base: 0x00000188b4000000, Narrow klass shift: 0, Narrow klass range: 0x100000000

GC Precious Log:
 CPUs: 12 total, 12 available
 Memory: 16027M
 Large Page Support: Disabled
 NUMA Support: Disabled
 Compressed Oops: Enabled (32-bit)
 Heap Region Size: 1M
 Heap Min Capacity: 8M
 Heap Initial Capacity: 252M
 Heap Max Capacity: 2G
 Pre-touch: Disabled
 Parallel Workers: 10
 Concurrent Workers: 3
 Concurrent Refinement Workers: 10
 Periodic GC: Disabled

Heap:
 garbage-first heap   total 992256K, used 581599K [0x0000000080000000, 0x0000000100000000)
  region size 1024K, 91 young (93184K), 6 survivors (6144K)
 Metaspace       used 187755K, committed 190976K, reserved 622592K
  class space    used 25367K, committed 26752K, reserved 425984K

Heap Regions: E=young(eden), S=young(survivor), O=old, HS=humongous(starts), HC=humongous(continues), CS=collection set, F=free, OA=open archive, CA=closed archive, TAMS=top-at-mark-start (previous, next)
|   0|0x0000000080000000, 0x0000000080100000, 0x0000000080100000|100%|HS|  |TAMS 0x0000000080100000, 0x0000000080000000| Complete 
|   1|0x0000000080100000, 0x0000000080200000, 0x0000000080200000|100%|HC|  |TAMS 0x0000000080200000, 0x0000000080100000| Complete 
|   2|0x0000000080200000, 0x0000000080300000, 0x0000000080300000|100%|HC|  |TAMS 0x0000000080300000, 0x0000000080200000| Complete 
|   3|0x0000000080300000, 0x0000000080400000, 0x0000000080400000|100%|HC|  |TAMS 0x0000000080400000, 0x0000000080300000| Complete 
|   4|0x0000000080400000, 0x0000000080500000, 0x0000000080500000|100%| O|  |TAMS 0x0000000080500000, 0x0000000080400000| Untracked 
|   5|0x0000000080500000, 0x0000000080600000, 0x0000000080600000|100%| O|  |TAMS 0x0000000080600000, 0x0000000080500000| Untracked 
|   6|0x0000000080600000, 0x0000000080700000, 0x0000000080700000|100%| O|  |TAMS 0x0000000080700000, 0x0000000080600000| Untracked 
|   7|0x0000000080700000, 0x0000000080800000, 0x0000000080800000|100%| O|  |TAMS 0x0000000080800000, 0x0000000080700000| Untracked 
|   8|0x0000000080800000, 0x0000000080900000, 0x0000000080900000|100%| O|  |TAMS 0x0000000080900000, 0x0000000080800000| Untracked 
|   9|0x0000000080900000, 0x0000000080a00000, 0x0000000080a00000|100%| O|  |TAMS 0x0000000080a00000, 0x0000000080900000| Untracked 
|  10|0x0000000080a00000, 0x0000000080b00000, 0x0000000080b00000|100%| O|  |TAMS 0x0000000080b00000, 0x0000000080a00000| Untracked 
|  11|0x0000000080b00000, 0x0000000080c00000, 0x0000000080c00000|100%|HS|  |TAMS 0x0000000080c00000, 0x0000000080b00000| Complete 
|  12|0x0000000080c00000, 0x0000000080d00000, 0x0000000080d00000|100%| O|  |TAMS 0x0000000080d00000, 0x0000000080c00000| Untracked 
|  13|0x0000000080d00000, 0x0000000080e00000, 0x0000000080e00000|100%| O|  |TAMS 0x0000000080e00000, 0x0000000080d00000| Untracked 
|  14|0x0000000080e00000, 0x0000000080f00000, 0x0000000080f00000|100%| O|  |TAMS 0x0000000080f00000, 0x0000000080e00000| Untracked 
|  15|0x0000000080f00000, 0x0000000081000000, 0x0000000081000000|100%| O|  |TAMS 0x0000000081000000, 0x0000000080f00000| Untracked 
|  16|0x0000000081000000, 0x0000000081100000, 0x0000000081100000|100%| O|  |TAMS 0x0000000081100000, 0x0000000081000000| Untracked 
|  17|0x0000000081100000, 0x0000000081200000, 0x0000000081200000|100%| O|  |TAMS 0x0000000081200000, 0x0000000081100000| Untracked 
|  18|0x0000000081200000, 0x0000000081300000, 0x0000000081300000|100%| O|  |TAMS 0x0000000081300000, 0x0000000081200000| Untracked 
|  19|0x0000000081300000, 0x0000000081400000, 0x0000000081400000|100%| O|  |TAMS 0x0000000081400000, 0x0000000081300000| Untracked 
|  20|0x0000000081400000, 0x0000000081500000, 0x0000000081500000|100%| O|  |TAMS 0x0000000081500000, 0x0000000081400000| Untracked 
|  21|0x0000000081500000, 0x0000000081600000, 0x0000000081600000|100%| O|  |TAMS 0x0000000081600000, 0x0000000081500000| Untracked 
|  22|0x0000000081600000, 0x00000000816f7c00, 0x0000000081700000| 96%| O|  |TAMS 0x00000000816f7c00, 0x0000000081600000| Untracked 
|  23|0x0000000081700000, 0x0000000081800000, 0x0000000081800000|100%| O|  |TAMS 0x0000000081800000, 0x0000000081700000| Untracked 
|  24|0x0000000081800000, 0x0000000081900000, 0x0000000081900000|100%| O|  |TAMS 0x0000000081900000, 0x0000000081800000| Untracked 
|  25|0x0000000081900000, 0x0000000081a00000, 0x0000000081a00000|100%| O|  |TAMS 0x0000000081a00000, 0x0000000081900000| Untracked 
|  26|0x0000000081a00000, 0x0000000081b00000, 0x0000000081b00000|100%| O|  |TAMS 0x0000000081b00000, 0x0000000081a00000| Untracked 
|  27|0x0000000081b00000, 0x0000000081c00000, 0x0000000081c00000|100%| O|  |TAMS 0x0000000081c00000, 0x0000000081b00000| Untracked 
|  28|0x0000000081c00000, 0x0000000081d00000, 0x0000000081d00000|100%| O|  |TAMS 0x0000000081d00000, 0x0000000081c00000| Untracked 
|  29|0x0000000081d00000, 0x0000000081e00000, 0x0000000081e00000|100%| O|  |TAMS 0x0000000081e00000, 0x0000000081d00000| Untracked 
|  30|0x0000000081e00000, 0x0000000081f00000, 0x0000000081f00000|100%| O|  |TAMS 0x0000000081f00000, 0x0000000081e00000| Untracked 
|  31|0x0000000081f00000, 0x0000000082000000, 0x0000000082000000|100%| O|  |TAMS 0x0000000082000000, 0x0000000081f00000| Untracked 
|  32|0x0000000082000000, 0x0000000082100000, 0x0000000082100000|100%| O|  |TAMS 0x0000000082100000, 0x0000000082000000| Untracked 
|  33|0x0000000082100000, 0x0000000082200000, 0x0000000082200000|100%| O|  |TAMS 0x0000000082200000, 0x0000000082100000| Untracked 
|  34|0x0000000082200000, 0x0000000082300000, 0x0000000082300000|100%| O|  |TAMS 0x0000000082300000, 0x0000000082200000| Untracked 
|  35|0x0000000082300000, 0x0000000082400000, 0x0000000082400000|100%| O|  |TAMS 0x0000000082400000, 0x0000000082300000| Untracked 
|  36|0x0000000082400000, 0x0000000082500000, 0x0000000082500000|100%| O|  |TAMS 0x0000000082500000, 0x0000000082400000| Untracked 
|  37|0x0000000082500000, 0x0000000082600000, 0x0000000082600000|100%| O|  |TAMS 0x0000000082600000, 0x0000000082500000| Untracked 
|  38|0x0000000082600000, 0x0000000082700000, 0x0000000082700000|100%| O|  |TAMS 0x0000000082700000, 0x0000000082600000| Untracked 
|  39|0x0000000082700000, 0x0000000082800000, 0x0000000082800000|100%| O|  |TAMS 0x0000000082800000, 0x0000000082700000| Untracked 
|  40|0x0000000082800000, 0x0000000082900000, 0x0000000082900000|100%| O|  |TAMS 0x0000000082900000, 0x0000000082800000| Untracked 
|  41|0x0000000082900000, 0x0000000082a00000, 0x0000000082a00000|100%| O|  |TAMS 0x0000000082a00000, 0x0000000082900000| Untracked 
|  42|0x0000000082a00000, 0x0000000082b00000, 0x0000000082b00000|100%| O|  |TAMS 0x0000000082b00000, 0x0000000082a00000| Untracked 
|  43|0x0000000082b00000, 0x0000000082c00000, 0x0000000082c00000|100%| O|  |TAMS 0x0000000082c00000, 0x0000000082b00000| Untracked 
|  44|0x0000000082c00000, 0x0000000082d00000, 0x0000000082d00000|100%| O|  |TAMS 0x0000000082d00000, 0x0000000082c00000| Untracked 
|  45|0x0000000082d00000, 0x0000000082e00000, 0x0000000082e00000|100%| O|  |TAMS 0x0000000082e00000, 0x0000000082d00000| Untracked 
|  46|0x0000000082e00000, 0x0000000082f00000, 0x0000000082f00000|100%| O|  |TAMS 0x0000000082f00000, 0x0000000082e00000| Untracked 
|  47|0x0000000082f00000, 0x0000000083000000, 0x0000000083000000|100%| O|  |TAMS 0x0000000083000000, 0x0000000082f00000| Untracked 
|  48|0x0000000083000000, 0x0000000083100000, 0x0000000083100000|100%| O|  |TAMS 0x0000000083100000, 0x0000000083000000| Untracked 
|  49|0x0000000083100000, 0x0000000083200000, 0x0000000083200000|100%| O|  |TAMS 0x0000000083200000, 0x0000000083100000| Untracked 
|  50|0x0000000083200000, 0x0000000083300000, 0x0000000083300000|100%|HS|  |TAMS 0x0000000083300000, 0x0000000083200000| Complete 
|  51|0x0000000083300000, 0x0000000083400000, 0x0000000083400000|100%|HC|  |TAMS 0x0000000083400000, 0x0000000083300000| Complete 
|  52|0x0000000083400000, 0x0000000083500000, 0x0000000083500000|100%|HS|  |TAMS 0x0000000083500000, 0x0000000083400000| Complete 
|  53|0x0000000083500000, 0x0000000083600000, 0x0000000083600000|100%|HC|  |TAMS 0x0000000083600000, 0x0000000083500000| Complete 
|  54|0x0000000083600000, 0x0000000083700000, 0x0000000083700000|100%| O|  |TAMS 0x0000000083700000, 0x0000000083600000| Untracked 
|  55|0x0000000083700000, 0x0000000083800000, 0x0000000083800000|100%| O|  |TAMS 0x0000000083800000, 0x0000000083700000| Untracked 
|  56|0x0000000083800000, 0x0000000083900000, 0x0000000083900000|100%|HS|  |TAMS 0x0000000083900000, 0x0000000083800000| Complete 
|  57|0x0000000083900000, 0x0000000083a00000, 0x0000000083a00000|100%|HC|  |TAMS 0x0000000083a00000, 0x0000000083900000| Complete 
|  58|0x0000000083a00000, 0x0000000083b00000, 0x0000000083b00000|100%|HC|  |TAMS 0x0000000083b00000, 0x0000000083a00000| Complete 
|  59|0x0000000083b00000, 0x0000000083c00000, 0x0000000083c00000|100%|HC|  |TAMS 0x0000000083c00000, 0x0000000083b00000| Complete 
|  60|0x0000000083c00000, 0x0000000083d00000, 0x0000000083d00000|100%|HS|  |TAMS 0x0000000083d00000, 0x0000000083c00000| Complete 
|  61|0x0000000083d00000, 0x0000000083e00000, 0x0000000083e00000|100%|HC|  |TAMS 0x0000000083e00000, 0x0000000083d00000| Complete 
|  62|0x0000000083e00000, 0x0000000083f00000, 0x0000000083f00000|100%|HC|  |TAMS 0x0000000083f00000, 0x0000000083e00000| Complete 
|  63|0x0000000083f00000, 0x0000000084000000, 0x0000000084000000|100%|HC|  |TAMS 0x0000000084000000, 0x0000000083f00000| Complete 
|  64|0x0000000084000000, 0x0000000084100000, 0x0000000084100000|100%| O|  |TAMS 0x0000000084100000, 0x0000000084000000| Untracked 
|  65|0x0000000084100000, 0x0000000084200000, 0x0000000084200000|100%| O|  |TAMS 0x0000000084200000, 0x0000000084100000| Untracked 
|  66|0x0000000084200000, 0x0000000084300000, 0x0000000084300000|100%| O|  |TAMS 0x0000000084300000, 0x0000000084200000| Untracked 
|  67|0x0000000084300000, 0x0000000084400000, 0x0000000084400000|100%| O|  |TAMS 0x0000000084400000, 0x0000000084300000| Untracked 
|  68|0x0000000084400000, 0x0000000084500000, 0x0000000084500000|100%| O|  |TAMS 0x0000000084500000, 0x0000000084400000| Untracked 
|  69|0x0000000084500000, 0x0000000084600000, 0x0000000084600000|100%| O|  |TAMS 0x0000000084600000, 0x0000000084500000| Untracked 
|  70|0x0000000084600000, 0x0000000084700000, 0x0000000084700000|100%| O|  |TAMS 0x0000000084700000, 0x0000000084600000| Untracked 
|  71|0x0000000084700000, 0x0000000084800000, 0x0000000084800000|100%| O|  |TAMS 0x0000000084800000, 0x0000000084700000| Untracked 
|  72|0x0000000084800000, 0x0000000084900000, 0x0000000084900000|100%| O|  |TAMS 0x0000000084900000, 0x0000000084800000| Untracked 
|  73|0x0000000084900000, 0x0000000084a00000, 0x0000000084a00000|100%|HS|  |TAMS 0x0000000084900000, 0x0000000084900000| Complete 
|  74|0x0000000084a00000, 0x0000000084b00000, 0x0000000084b00000|100%| O|  |TAMS 0x0000000084b00000, 0x0000000084a00000| Untracked 
|  75|0x0000000084b00000, 0x0000000084c00000, 0x0000000084c00000|100%| O|  |TAMS 0x0000000084c00000, 0x0000000084b00000| Untracked 
|  76|0x0000000084c00000, 0x0000000084d00000, 0x0000000084d00000|100%| O|  |TAMS 0x0000000084d00000, 0x0000000084c00000| Untracked 
|  77|0x0000000084d00000, 0x0000000084e00000, 0x0000000084e00000|100%| O|  |TAMS 0x0000000084e00000, 0x0000000084d00000| Untracked 
|  78|0x0000000084e00000, 0x0000000084f00000, 0x0000000084f00000|100%| O|  |TAMS 0x0000000084f00000, 0x0000000084e00000| Untracked 
|  79|0x0000000084f00000, 0x0000000085000000, 0x0000000085000000|100%| O|  |TAMS 0x0000000085000000, 0x0000000084f00000| Untracked 
|  80|0x0000000085000000, 0x0000000085100000, 0x0000000085100000|100%| O|  |TAMS 0x0000000085100000, 0x0000000085000000| Untracked 
|  81|0x0000000085100000, 0x0000000085200000, 0x0000000085200000|100%| O|  |TAMS 0x0000000085200000, 0x0000000085100000| Untracked 
|  82|0x0000000085200000, 0x0000000085300000, 0x0000000085300000|100%| O|  |TAMS 0x0000000085300000, 0x0000000085200000| Untracked 
|  83|0x0000000085300000, 0x0000000085400000, 0x0000000085400000|100%| O|  |TAMS 0x0000000085400000, 0x0000000085300000| Untracked 
|  84|0x0000000085400000, 0x0000000085500000, 0x0000000085500000|100%| O|  |TAMS 0x0000000085500000, 0x0000000085400000| Untracked 
|  85|0x0000000085500000, 0x0000000085600000, 0x0000000085600000|100%| O|  |TAMS 0x0000000085600000, 0x0000000085500000| Untracked 
|  86|0x0000000085600000, 0x0000000085700000, 0x0000000085700000|100%| O|  |TAMS 0x0000000085700000, 0x0000000085600000| Untracked 
|  87|0x0000000085700000, 0x0000000085800000, 0x0000000085800000|100%| O|  |TAMS 0x0000000085800000, 0x0000000085700000| Untracked 
|  88|0x0000000085800000, 0x0000000085900000, 0x0000000085900000|100%| O|  |TAMS 0x0000000085900000, 0x0000000085800000| Untracked 
|  89|0x0000000085900000, 0x0000000085a00000, 0x0000000085a00000|100%|HS|  |TAMS 0x0000000085a00000, 0x0000000085900000| Complete 
|  90|0x0000000085a00000, 0x0000000085b00000, 0x0000000085b00000|100%|HS|  |TAMS 0x0000000085b00000, 0x0000000085a00000| Complete 
|  91|0x0000000085b00000, 0x0000000085c00000, 0x0000000085c00000|100%|HS|  |TAMS 0x0000000085c00000, 0x0000000085b00000| Complete 
|  92|0x0000000085c00000, 0x0000000085d00000, 0x0000000085d00000|100%|HS|  |TAMS 0x0000000085d00000, 0x0000000085c00000| Complete 
|  93|0x0000000085d00000, 0x0000000085e00000, 0x0000000085e00000|100%| O|  |TAMS 0x0000000085e00000, 0x0000000085d00000| Untracked 
|  94|0x0000000085e00000, 0x0000000085f00000, 0x0000000085f00000|100%|HS|  |TAMS 0x0000000085f00000, 0x0000000085e00000| Complete 
|  95|0x0000000085f00000, 0x0000000086000000, 0x0000000086000000|100%|HS|  |TAMS 0x0000000086000000, 0x0000000085f00000| Complete 
|  96|0x0000000086000000, 0x0000000086100000, 0x0000000086100000|100%| O|  |TAMS 0x0000000086100000, 0x0000000086000000| Untracked 
|  97|0x0000000086100000, 0x0000000086200000, 0x0000000086200000|100%| O|  |TAMS 0x0000000086200000, 0x0000000086100000| Untracked 
|  98|0x0000000086200000, 0x0000000086300000, 0x0000000086300000|100%| O|  |TAMS 0x0000000086300000, 0x0000000086200000| Untracked 
|  99|0x0000000086300000, 0x0000000086400000, 0x0000000086400000|100%| O|  |TAMS 0x0000000086400000, 0x0000000086300000| Untracked 
| 100|0x0000000086400000, 0x0000000086500000, 0x0000000086500000|100%| O|  |TAMS 0x0000000086500000, 0x0000000086400000| Untracked 
| 101|0x0000000086500000, 0x0000000086600000, 0x0000000086600000|100%| O|  |TAMS 0x0000000086600000, 0x0000000086500000| Untracked 
| 102|0x0000000086600000, 0x0000000086700000, 0x0000000086700000|100%| O|  |TAMS 0x0000000086700000, 0x0000000086600000| Untracked 
| 103|0x0000000086700000, 0x0000000086800000, 0x0000000086800000|100%| O|  |TAMS 0x0000000086800000, 0x0000000086700000| Untracked 
| 104|0x0000000086800000, 0x0000000086900000, 0x0000000086900000|100%| O|  |TAMS 0x0000000086900000, 0x0000000086800000| Untracked 
| 105|0x0000000086900000, 0x0000000086a00000, 0x0000000086a00000|100%| O|  |TAMS 0x0000000086a00000, 0x0000000086900000| Untracked 
| 106|0x0000000086a00000, 0x0000000086a00000, 0x0000000086b00000|  0%| F|  |TAMS 0x0000000086a00000, 0x0000000086a00000| Untracked 
| 107|0x0000000086b00000, 0x0000000086c00000, 0x0000000086c00000|100%| O|  |TAMS 0x0000000086c00000, 0x0000000086b00000| Untracked 
| 108|0x0000000086c00000, 0x0000000086d00000, 0x0000000086d00000|100%|HS|  |TAMS 0x0000000086d00000, 0x0000000086c00000| Complete 
| 109|0x0000000086d00000, 0x0000000086e00000, 0x0000000086e00000|100%| O|  |TAMS 0x0000000086e00000, 0x0000000086d00000| Untracked 
| 110|0x0000000086e00000, 0x0000000086f00000, 0x0000000086f00000|100%| O|  |TAMS 0x0000000086f00000, 0x0000000086e00000| Untracked 
| 111|0x0000000086f00000, 0x0000000087000000, 0x0000000087000000|100%| O|  |TAMS 0x0000000087000000, 0x0000000086f00000| Untracked 
| 112|0x0000000087000000, 0x0000000087100000, 0x0000000087100000|100%| O|  |TAMS 0x0000000087100000, 0x0000000087000000| Untracked 
| 113|0x0000000087100000, 0x0000000087200000, 0x0000000087200000|100%| O|  |TAMS 0x0000000087200000, 0x0000000087100000| Untracked 
| 114|0x0000000087200000, 0x0000000087300000, 0x0000000087300000|100%| O|  |TAMS 0x0000000087300000, 0x0000000087200000| Untracked 
| 115|0x0000000087300000, 0x0000000087400000, 0x0000000087400000|100%| O|  |TAMS 0x0000000087400000, 0x0000000087300000| Untracked 
| 116|0x0000000087400000, 0x0000000087500000, 0x0000000087500000|100%| O|  |TAMS 0x0000000087500000, 0x0000000087400000| Untracked 
| 117|0x0000000087500000, 0x0000000087600000, 0x0000000087600000|100%| O|  |TAMS 0x0000000087600000, 0x0000000087500000| Untracked 
| 118|0x0000000087600000, 0x0000000087700000, 0x0000000087700000|100%| O|  |TAMS 0x0000000087700000, 0x0000000087600000| Untracked 
| 119|0x0000000087700000, 0x0000000087800000, 0x0000000087800000|100%| O|  |TAMS 0x0000000087800000, 0x0000000087700000| Untracked 
| 120|0x0000000087800000, 0x0000000087900000, 0x0000000087900000|100%| O|  |TAMS 0x0000000087900000, 0x0000000087800000| Untracked 
| 121|0x0000000087900000, 0x0000000087a00000, 0x0000000087a00000|100%| O|  |TAMS 0x0000000087a00000, 0x0000000087900000| Untracked 
| 122|0x0000000087a00000, 0x0000000087b00000, 0x0000000087b00000|100%| O|  |TAMS 0x0000000087b00000, 0x0000000087a00000| Untracked 
| 123|0x0000000087b00000, 0x0000000087c00000, 0x0000000087c00000|100%| O|  |TAMS 0x0000000087c00000, 0x0000000087b00000| Untracked 
| 124|0x0000000087c00000, 0x0000000087d00000, 0x0000000087d00000|100%|HS|  |TAMS 0x0000000087d00000, 0x0000000087c00000| Complete 
| 125|0x0000000087d00000, 0x0000000087e00000, 0x0000000087e00000|100%|HS|  |TAMS 0x0000000087e00000, 0x0000000087d00000| Complete 
| 126|0x0000000087e00000, 0x0000000087f00000, 0x0000000087f00000|100%|HC|  |TAMS 0x0000000087f00000, 0x0000000087e00000| Complete 
| 127|0x0000000087f00000, 0x0000000088000000, 0x0000000088000000|100%| O|  |TAMS 0x0000000087f00000, 0x0000000087f00000| Untracked 
| 128|0x0000000088000000, 0x0000000088100000, 0x0000000088100000|100%| O|  |TAMS 0x0000000088100000, 0x0000000088000000| Untracked 
| 129|0x0000000088100000, 0x0000000088200000, 0x0000000088200000|100%| O|  |TAMS 0x0000000088200000, 0x0000000088100000| Untracked 
| 130|0x0000000088200000, 0x0000000088300000, 0x0000000088300000|100%| O|  |TAMS 0x0000000088300000, 0x0000000088200000| Untracked 
| 131|0x0000000088300000, 0x0000000088400000, 0x0000000088400000|100%| O|  |TAMS 0x0000000088400000, 0x0000000088300000| Untracked 
| 132|0x0000000088400000, 0x0000000088500000, 0x0000000088500000|100%| O|  |TAMS 0x0000000088500000, 0x0000000088400000| Untracked 
| 133|0x0000000088500000, 0x0000000088600000, 0x0000000088600000|100%| O|  |TAMS 0x0000000088600000, 0x0000000088500000| Untracked 
| 134|0x0000000088600000, 0x0000000088700000, 0x0000000088700000|100%| O|  |TAMS 0x0000000088700000, 0x0000000088600000| Untracked 
| 135|0x0000000088700000, 0x0000000088800000, 0x0000000088800000|100%| O|  |TAMS 0x0000000088800000, 0x0000000088700000| Untracked 
| 136|0x0000000088800000, 0x0000000088900000, 0x0000000088900000|100%| O|  |TAMS 0x0000000088900000, 0x0000000088800000| Untracked 
| 137|0x0000000088900000, 0x0000000088a00000, 0x0000000088a00000|100%| O|  |TAMS 0x0000000088a00000, 0x0000000088900000| Untracked 
| 138|0x0000000088a00000, 0x0000000088b00000, 0x0000000088b00000|100%| O|  |TAMS 0x0000000088b00000, 0x0000000088a00000| Untracked 
| 139|0x0000000088b00000, 0x0000000088c00000, 0x0000000088c00000|100%| O|  |TAMS 0x0000000088c00000, 0x0000000088b00000| Untracked 
| 140|0x0000000088c00000, 0x0000000088d00000, 0x0000000088d00000|100%| O|  |TAMS 0x0000000088d00000, 0x0000000088c00000| Untracked 
| 141|0x0000000088d00000, 0x0000000088e00000, 0x0000000088e00000|100%| O|  |TAMS 0x0000000088e00000, 0x0000000088d00000| Untracked 
| 142|0x0000000088e00000, 0x0000000088f00000, 0x0000000088f00000|100%| O|  |TAMS 0x0000000088f00000, 0x0000000088e00000| Untracked 
| 143|0x0000000088f00000, 0x0000000089000000, 0x0000000089000000|100%| O|  |TAMS 0x0000000089000000, 0x0000000088f00000| Untracked 
| 144|0x0000000089000000, 0x0000000089100000, 0x0000000089100000|100%| O|  |TAMS 0x0000000089100000, 0x0000000089000000| Untracked 
| 145|0x0000000089100000, 0x0000000089200000, 0x0000000089200000|100%| O|  |TAMS 0x0000000089200000, 0x0000000089100000| Untracked 
| 146|0x0000000089200000, 0x0000000089300000, 0x0000000089300000|100%| O|  |TAMS 0x0000000089300000, 0x0000000089200000| Untracked 
| 147|0x0000000089300000, 0x0000000089400000, 0x0000000089400000|100%| O|  |TAMS 0x0000000089400000, 0x0000000089300000| Untracked 
| 148|0x0000000089400000, 0x0000000089500000, 0x0000000089500000|100%| O|  |TAMS 0x0000000089500000, 0x0000000089400000| Untracked 
| 149|0x0000000089500000, 0x0000000089600000, 0x0000000089600000|100%| O|  |TAMS 0x0000000089600000, 0x0000000089500000| Untracked 
| 150|0x0000000089600000, 0x0000000089600000, 0x0000000089700000|  0%| F|  |TAMS 0x0000000089600000, 0x0000000089600000| Untracked 
| 151|0x0000000089700000, 0x0000000089800000, 0x0000000089800000|100%| O|  |TAMS 0x0000000089700000, 0x0000000089700000| Untracked 
| 152|0x0000000089800000, 0x0000000089800000, 0x0000000089900000|  0%| F|  |TAMS 0x0000000089800000, 0x0000000089800000| Untracked 
| 153|0x0000000089900000, 0x0000000089a00000, 0x0000000089a00000|100%|HS|  |TAMS 0x0000000089900000, 0x0000000089900000| Complete 
| 154|0x0000000089a00000, 0x0000000089b00000, 0x0000000089b00000|100%|HS|  |TAMS 0x0000000089a00000, 0x0000000089a00000| Complete 
| 155|0x0000000089b00000, 0x0000000089c00000, 0x0000000089c00000|100%| O|  |TAMS 0x0000000089b00000, 0x0000000089b00000| Untracked 
| 156|0x0000000089c00000, 0x0000000089d00000, 0x0000000089d00000|100%| O|  |TAMS 0x0000000089c00000, 0x0000000089c00000| Untracked 
| 157|0x0000000089d00000, 0x0000000089e00000, 0x0000000089e00000|100%| O|  |TAMS 0x0000000089d00000, 0x0000000089d00000| Untracked 
| 158|0x0000000089e00000, 0x0000000089f00000, 0x0000000089f00000|100%| O|  |TAMS 0x0000000089e00000, 0x0000000089e00000| Untracked 
| 159|0x0000000089f00000, 0x000000008a000000, 0x000000008a000000|100%| O|  |TAMS 0x0000000089f00000, 0x0000000089f00000| Untracked 
| 160|0x000000008a000000, 0x000000008a100000, 0x000000008a100000|100%| O|  |TAMS 0x000000008a100000, 0x000000008a000000| Untracked 
| 161|0x000000008a100000, 0x000000008a200000, 0x000000008a200000|100%| O|  |TAMS 0x000000008a200000, 0x000000008a100000| Untracked 
| 162|0x000000008a200000, 0x000000008a300000, 0x000000008a300000|100%| O|  |TAMS 0x000000008a200000, 0x000000008a200000| Untracked 
| 163|0x000000008a300000, 0x000000008a400000, 0x000000008a400000|100%| O|  |TAMS 0x000000008a300000, 0x000000008a300000| Untracked 
| 164|0x000000008a400000, 0x000000008a500000, 0x000000008a500000|100%| O|  |TAMS 0x000000008a400000, 0x000000008a400000| Untracked 
| 165|0x000000008a500000, 0x000000008a500000, 0x000000008a600000|  0%| F|  |TAMS 0x000000008a500000, 0x000000008a500000| Untracked 
| 166|0x000000008a600000, 0x000000008a700000, 0x000000008a700000|100%| O|  |TAMS 0x000000008a700000, 0x000000008a600000| Untracked 
| 167|0x000000008a700000, 0x000000008a800000, 0x000000008a800000|100%| O|  |TAMS 0x000000008a800000, 0x000000008a700000| Untracked 
| 168|0x000000008a800000, 0x000000008a900000, 0x000000008a900000|100%|HS|  |TAMS 0x000000008a900000, 0x000000008a800000| Complete 
| 169|0x000000008a900000, 0x000000008aa00000, 0x000000008aa00000|100%|HS|  |TAMS 0x000000008aa00000, 0x000000008a900000| Complete 
| 170|0x000000008aa00000, 0x000000008ab00000, 0x000000008ab00000|100%| O|  |TAMS 0x000000008aa00000, 0x000000008aa00000| Untracked 
| 171|0x000000008ab00000, 0x000000008ac00000, 0x000000008ac00000|100%| O|  |TAMS 0x000000008ab00000, 0x000000008ab00000| Untracked 
| 172|0x000000008ac00000, 0x000000008ad00000, 0x000000008ad00000|100%| O|  |TAMS 0x000000008ac00000, 0x000000008ac00000| Untracked 
| 173|0x000000008ad00000, 0x000000008ae00000, 0x000000008ae00000|100%| O|  |TAMS 0x000000008ad00000, 0x000000008ad00000| Untracked 
| 174|0x000000008ae00000, 0x000000008af00000, 0x000000008af00000|100%| O|  |TAMS 0x000000008af00000, 0x000000008ae00000| Untracked 
| 175|0x000000008af00000, 0x000000008b000000, 0x000000008b000000|100%| O|  |TAMS 0x000000008b000000, 0x000000008af00000| Untracked 
| 176|0x000000008b000000, 0x000000008b100000, 0x000000008b100000|100%| O|  |TAMS 0x000000008b000000, 0x000000008b000000| Untracked 
| 177|0x000000008b100000, 0x000000008b200000, 0x000000008b200000|100%| O|  |TAMS 0x000000008b100000, 0x000000008b100000| Untracked 
| 178|0x000000008b200000, 0x000000008b300000, 0x000000008b300000|100%| O|  |TAMS 0x000000008b200000, 0x000000008b200000| Untracked 
| 179|0x000000008b300000, 0x000000008b400000, 0x000000008b400000|100%| O|  |TAMS 0x000000008b400000, 0x000000008b300000| Untracked 
| 180|0x000000008b400000, 0x000000008b500000, 0x000000008b500000|100%| O|  |TAMS 0x000000008b400000, 0x000000008b400000| Untracked 
| 181|0x000000008b500000, 0x000000008b600000, 0x000000008b600000|100%| O|  |TAMS 0x000000008b600000, 0x000000008b500000| Untracked 
| 182|0x000000008b600000, 0x000000008b700000, 0x000000008b700000|100%| O|  |TAMS 0x000000008b600000, 0x000000008b600000| Untracked 
| 183|0x000000008b700000, 0x000000008b800000, 0x000000008b800000|100%|HS|  |TAMS 0x000000008b800000, 0x000000008b700000| Complete 
| 184|0x000000008b800000, 0x000000008b900000, 0x000000008b900000|100%|HS|  |TAMS 0x000000008b900000, 0x000000008b800000| Complete 
| 185|0x000000008b900000, 0x000000008ba00000, 0x000000008ba00000|100%|HS|  |TAMS 0x000000008ba00000, 0x000000008b900000| Complete 
| 186|0x000000008ba00000, 0x000000008bb00000, 0x000000008bb00000|100%| O|  |TAMS 0x000000008bb00000, 0x000000008ba00000| Untracked 
| 187|0x000000008bb00000, 0x000000008bc00000, 0x000000008bc00000|100%| O|  |TAMS 0x000000008bb00000, 0x000000008bb00000| Untracked 
| 188|0x000000008bc00000, 0x000000008bd00000, 0x000000008bd00000|100%| O|  |TAMS 0x000000008bc00000, 0x000000008bc00000| Untracked 
| 189|0x000000008bd00000, 0x000000008be00000, 0x000000008be00000|100%| O|  |TAMS 0x000000008bd00000, 0x000000008bd00000| Untracked 
| 190|0x000000008be00000, 0x000000008bf00000, 0x000000008bf00000|100%| O|  |TAMS 0x000000008bf00000, 0x000000008be00000| Untracked 
| 191|0x000000008bf00000, 0x000000008c000000, 0x000000008c000000|100%| O|  |TAMS 0x000000008c000000, 0x000000008bf00000| Untracked 
| 192|0x000000008c000000, 0x000000008c100000, 0x000000008c100000|100%| O|  |TAMS 0x000000008c100000, 0x000000008c000000| Untracked 
| 193|0x000000008c100000, 0x000000008c100000, 0x000000008c200000|  0%| F|  |TAMS 0x000000008c100000, 0x000000008c100000| Untracked 
| 194|0x000000008c200000, 0x000000008c300000, 0x000000008c300000|100%| O|  |TAMS 0x000000008c200000, 0x000000008c200000| Untracked 
| 195|0x000000008c300000, 0x000000008c400000, 0x000000008c400000|100%| O|  |TAMS 0x000000008c300000, 0x000000008c300000| Untracked 
| 196|0x000000008c400000, 0x000000008c500000, 0x000000008c500000|100%| O|  |TAMS 0x000000008c500000, 0x000000008c400000| Untracked 
| 197|0x000000008c500000, 0x000000008c600000, 0x000000008c600000|100%| O|  |TAMS 0x000000008c500000, 0x000000008c500000| Untracked 
| 198|0x000000008c600000, 0x000000008c700000, 0x000000008c700000|100%|HS|  |TAMS 0x000000008c700000, 0x000000008c600000| Complete 
| 199|0x000000008c700000, 0x000000008c800000, 0x000000008c800000|100%|HS|  |TAMS 0x000000008c800000, 0x000000008c700000| Complete 
| 200|0x000000008c800000, 0x000000008c800000, 0x000000008c900000|  0%| F|  |TAMS 0x000000008c800000, 0x000000008c800000| Untracked 
| 201|0x000000008c900000, 0x000000008ca00000, 0x000000008ca00000|100%| O|  |TAMS 0x000000008c900000, 0x000000008c900000| Untracked 
| 202|0x000000008ca00000, 0x000000008cb00000, 0x000000008cb00000|100%| O|  |TAMS 0x000000008cb00000, 0x000000008ca00000| Untracked 
| 203|0x000000008cb00000, 0x000000008cc00000, 0x000000008cc00000|100%| O|  |TAMS 0x000000008cc00000, 0x000000008cb00000| Untracked 
| 204|0x000000008cc00000, 0x000000008cd00000, 0x000000008cd00000|100%| O|  |TAMS 0x000000008cd00000, 0x000000008cc00000| Untracked 
| 205|0x000000008cd00000, 0x000000008ce00000, 0x000000008ce00000|100%| O|  |TAMS 0x000000008ce00000, 0x000000008cd00000| Untracked 
| 206|0x000000008ce00000, 0x000000008cf00000, 0x000000008cf00000|100%| O|  |TAMS 0x000000008cf00000, 0x000000008ce00000| Untracked 
| 207|0x000000008cf00000, 0x000000008d000000, 0x000000008d000000|100%| O|  |TAMS 0x000000008d000000, 0x000000008cf00000| Untracked 
| 208|0x000000008d000000, 0x000000008d100000, 0x000000008d100000|100%| O|  |TAMS 0x000000008d100000, 0x000000008d000000| Untracked 
| 209|0x000000008d100000, 0x000000008d200000, 0x000000008d200000|100%| O|  |TAMS 0x000000008d200000, 0x000000008d100000| Untracked 
| 210|0x000000008d200000, 0x000000008d300000, 0x000000008d300000|100%| O|  |TAMS 0x000000008d200000, 0x000000008d200000| Untracked 
| 211|0x000000008d300000, 0x000000008d400000, 0x000000008d400000|100%| O|  |TAMS 0x000000008d400000, 0x000000008d300000| Untracked 
| 212|0x000000008d400000, 0x000000008d500000, 0x000000008d500000|100%| O|  |TAMS 0x000000008d400000, 0x000000008d400000| Untracked 
| 213|0x000000008d500000, 0x000000008d600000, 0x000000008d600000|100%| O|  |TAMS 0x000000008d600000, 0x000000008d500000| Untracked 
| 214|0x000000008d600000, 0x000000008d700000, 0x000000008d700000|100%| O|  |TAMS 0x000000008d700000, 0x000000008d600000| Untracked 
| 215|0x000000008d700000, 0x000000008d800000, 0x000000008d800000|100%| O|  |TAMS 0x000000008d800000, 0x000000008d700000| Untracked 
| 216|0x000000008d800000, 0x000000008d900000, 0x000000008d900000|100%| O|  |TAMS 0x000000008d800000, 0x000000008d800000| Untracked 
| 217|0x000000008d900000, 0x000000008da00000, 0x000000008da00000|100%| O|  |TAMS 0x000000008da00000, 0x000000008d900000| Untracked 
| 218|0x000000008da00000, 0x000000008db00000, 0x000000008db00000|100%| O|  |TAMS 0x000000008db00000, 0x000000008da00000| Untracked 
| 219|0x000000008db00000, 0x000000008dc00000, 0x000000008dc00000|100%| O|  |TAMS 0x000000008dc00000, 0x000000008db00000| Untracked 
| 220|0x000000008dc00000, 0x000000008dd00000, 0x000000008dd00000|100%| O|  |TAMS 0x000000008dd00000, 0x000000008dc00000| Untracked 
| 221|0x000000008dd00000, 0x000000008de00000, 0x000000008de00000|100%| O|  |TAMS 0x000000008dd00000, 0x000000008dd00000| Untracked 
| 222|0x000000008de00000, 0x000000008df00000, 0x000000008df00000|100%| O|  |TAMS 0x000000008df00000, 0x000000008de00000| Untracked 
| 223|0x000000008df00000, 0x000000008e000000, 0x000000008e000000|100%| O|  |TAMS 0x000000008e000000, 0x000000008df00000| Untracked 
| 224|0x000000008e000000, 0x000000008e100000, 0x000000008e100000|100%| O|  |TAMS 0x000000008e100000, 0x000000008e000000| Untracked 
| 225|0x000000008e100000, 0x000000008e200000, 0x000000008e200000|100%| O|  |TAMS 0x000000008e200000, 0x000000008e100000| Untracked 
| 226|0x000000008e200000, 0x000000008e300000, 0x000000008e300000|100%| O|  |TAMS 0x000000008e300000, 0x000000008e200000| Untracked 
| 227|0x000000008e300000, 0x000000008e400000, 0x000000008e400000|100%| O|  |TAMS 0x000000008e400000, 0x000000008e300000| Untracked 
| 228|0x000000008e400000, 0x000000008e500000, 0x000000008e500000|100%| O|  |TAMS 0x000000008e500000, 0x000000008e400000| Untracked 
| 229|0x000000008e500000, 0x000000008e600000, 0x000000008e600000|100%| O|  |TAMS 0x000000008e600000, 0x000000008e500000| Untracked 
| 230|0x000000008e600000, 0x000000008e700000, 0x000000008e700000|100%| O|  |TAMS 0x000000008e700000, 0x000000008e600000| Untracked 
| 231|0x000000008e700000, 0x000000008e800000, 0x000000008e800000|100%| O|  |TAMS 0x000000008e800000, 0x000000008e700000| Untracked 
| 232|0x000000008e800000, 0x000000008e900000, 0x000000008e900000|100%| O|  |TAMS 0x000000008e900000, 0x000000008e800000| Untracked 
| 233|0x000000008e900000, 0x000000008ea00000, 0x000000008ea00000|100%| O|  |TAMS 0x000000008e900000, 0x000000008e900000| Untracked 
| 234|0x000000008ea00000, 0x000000008eb00000, 0x000000008eb00000|100%| O|  |TAMS 0x000000008eb00000, 0x000000008ea00000| Untracked 
| 235|0x000000008eb00000, 0x000000008ec00000, 0x000000008ec00000|100%| O|  |TAMS 0x000000008eb00000, 0x000000008eb00000| Untracked 
| 236|0x000000008ec00000, 0x000000008ed00000, 0x000000008ed00000|100%| O|  |TAMS 0x000000008ed00000, 0x000000008ec00000| Untracked 
| 237|0x000000008ed00000, 0x000000008ee00000, 0x000000008ee00000|100%| O|  |TAMS 0x000000008ed00000, 0x000000008ed00000| Untracked 
| 238|0x000000008ee00000, 0x000000008ef00000, 0x000000008ef00000|100%| O|  |TAMS 0x000000008ef00000, 0x000000008ee00000| Untracked 
| 239|0x000000008ef00000, 0x000000008f000000, 0x000000008f000000|100%| O|  |TAMS 0x000000008ef00000, 0x000000008ef00000| Untracked 
| 240|0x000000008f000000, 0x000000008f100000, 0x000000008f100000|100%| O|  |TAMS 0x000000008f000000, 0x000000008f000000| Untracked 
| 241|0x000000008f100000, 0x000000008f200000, 0x000000008f200000|100%| O|  |TAMS 0x000000008f200000, 0x000000008f100000| Untracked 
| 242|0x000000008f200000, 0x000000008f300000, 0x000000008f300000|100%| O|  |TAMS 0x000000008f300000, 0x000000008f200000| Untracked 
| 243|0x000000008f300000, 0x000000008f400000, 0x000000008f400000|100%| O|  |TAMS 0x000000008f400000, 0x000000008f300000| Untracked 
| 244|0x000000008f400000, 0x000000008f500000, 0x000000008f500000|100%| O|  |TAMS 0x000000008f500000, 0x000000008f400000| Untracked 
| 245|0x000000008f500000, 0x000000008f600000, 0x000000008f600000|100%| O|  |TAMS 0x000000008f600000, 0x000000008f500000| Untracked 
| 246|0x000000008f600000, 0x000000008f700000, 0x000000008f700000|100%| O|  |TAMS 0x000000008f700000, 0x000000008f600000| Untracked 
| 247|0x000000008f700000, 0x000000008f800000, 0x000000008f800000|100%| O|  |TAMS 0x000000008f700000, 0x000000008f700000| Untracked 
| 248|0x000000008f800000, 0x000000008f900000, 0x000000008f900000|100%| O|  |TAMS 0x000000008f900000, 0x000000008f800000| Untracked 
| 249|0x000000008f900000, 0x000000008fa00000, 0x000000008fa00000|100%| O|  |TAMS 0x000000008fa00000, 0x000000008f900000| Untracked 
| 250|0x000000008fa00000, 0x000000008fb00000, 0x000000008fb00000|100%| O|  |TAMS 0x000000008fb00000, 0x000000008fa00000| Untracked 
| 251|0x000000008fb00000, 0x000000008fc00000, 0x000000008fc00000|100%| O|  |TAMS 0x000000008fc00000, 0x000000008fb00000| Untracked 
| 252|0x000000008fc00000, 0x000000008fd00000, 0x000000008fd00000|100%| O|  |TAMS 0x000000008fd00000, 0x000000008fc00000| Untracked 
| 253|0x000000008fd00000, 0x000000008fe00000, 0x000000008fe00000|100%|HS|  |TAMS 0x000000008fe00000, 0x000000008fd00000| Complete 
| 254|0x000000008fe00000, 0x000000008ff00000, 0x000000008ff00000|100%|HS|  |TAMS 0x000000008ff00000, 0x000000008fe00000| Complete 
| 255|0x000000008ff00000, 0x0000000090000000, 0x0000000090000000|100%|HS|  |TAMS 0x0000000090000000, 0x000000008ff00000| Complete 
| 256|0x0000000090000000, 0x0000000090100000, 0x0000000090100000|100%|HC|  |TAMS 0x0000000090100000, 0x0000000090000000| Complete 
| 257|0x0000000090100000, 0x0000000090200000, 0x0000000090200000|100%|HS|  |TAMS 0x0000000090200000, 0x0000000090100000| Complete 
| 258|0x0000000090200000, 0x0000000090300000, 0x0000000090300000|100%|HC|  |TAMS 0x0000000090300000, 0x0000000090200000| Complete 
| 259|0x0000000090300000, 0x0000000090400000, 0x0000000090400000|100%| O|  |TAMS 0x0000000090300000, 0x0000000090300000| Untracked 
| 260|0x0000000090400000, 0x0000000090500000, 0x0000000090500000|100%| O|  |TAMS 0x0000000090400000, 0x0000000090400000| Untracked 
| 261|0x0000000090500000, 0x0000000090600000, 0x0000000090600000|100%| O|  |TAMS 0x0000000090600000, 0x0000000090500000| Untracked 
| 262|0x0000000090600000, 0x0000000090700000, 0x0000000090700000|100%| O|  |TAMS 0x0000000090700000, 0x0000000090600000| Untracked 
| 263|0x0000000090700000, 0x0000000090800000, 0x0000000090800000|100%| O|  |TAMS 0x0000000090800000, 0x0000000090700000| Untracked 
| 264|0x0000000090800000, 0x0000000090900000, 0x0000000090900000|100%| O|  |TAMS 0x0000000090900000, 0x0000000090800000| Untracked 
| 265|0x0000000090900000, 0x0000000090a00000, 0x0000000090a00000|100%| O|  |TAMS 0x0000000090a00000, 0x0000000090900000| Untracked 
| 266|0x0000000090a00000, 0x0000000090b00000, 0x0000000090b00000|100%| O|  |TAMS 0x0000000090b00000, 0x0000000090a00000| Untracked 
| 267|0x0000000090b00000, 0x0000000090c00000, 0x0000000090c00000|100%| O|  |TAMS 0x0000000090c00000, 0x0000000090b00000| Untracked 
| 268|0x0000000090c00000, 0x0000000090d00000, 0x0000000090d00000|100%| O|  |TAMS 0x0000000090d00000, 0x0000000090c00000| Untracked 
| 269|0x0000000090d00000, 0x0000000090e00000, 0x0000000090e00000|100%| O|  |TAMS 0x0000000090e00000, 0x0000000090d00000| Untracked 
| 270|0x0000000090e00000, 0x0000000090f00000, 0x0000000090f00000|100%| O|  |TAMS 0x0000000090f00000, 0x0000000090e00000| Untracked 
| 271|0x0000000090f00000, 0x0000000091000000, 0x0000000091000000|100%| O|  |TAMS 0x0000000091000000, 0x0000000090f00000| Untracked 
| 272|0x0000000091000000, 0x0000000091100000, 0x0000000091100000|100%| O|  |TAMS 0x0000000091100000, 0x0000000091000000| Untracked 
| 273|0x0000000091100000, 0x0000000091100000, 0x0000000091200000|  0%| F|  |TAMS 0x0000000091100000, 0x0000000091100000| Untracked 
| 274|0x0000000091200000, 0x0000000091300000, 0x0000000091300000|100%| O|  |TAMS 0x0000000091300000, 0x0000000091200000| Untracked 
| 275|0x0000000091300000, 0x0000000091400000, 0x0000000091400000|100%| O|  |TAMS 0x0000000091300000, 0x0000000091300000| Untracked 
| 276|0x0000000091400000, 0x0000000091500000, 0x0000000091500000|100%| O|  |TAMS 0x0000000091500000, 0x0000000091400000| Untracked 
| 277|0x0000000091500000, 0x0000000091500000, 0x0000000091600000|  0%| F|  |TAMS 0x0000000091500000, 0x0000000091500000| Untracked 
| 278|0x0000000091600000, 0x0000000091700000, 0x0000000091700000|100%| O|  |TAMS 0x0000000091700000, 0x0000000091600000| Untracked 
| 279|0x0000000091700000, 0x0000000091800000, 0x0000000091800000|100%| O|  |TAMS 0x0000000091800000, 0x0000000091700000| Untracked 
| 280|0x0000000091800000, 0x0000000091900000, 0x0000000091900000|100%| O|  |TAMS 0x0000000091900000, 0x0000000091800000| Untracked 
| 281|0x0000000091900000, 0x0000000091a00000, 0x0000000091a00000|100%| O|  |TAMS 0x0000000091a00000, 0x0000000091900000| Untracked 
| 282|0x0000000091a00000, 0x0000000091b00000, 0x0000000091b00000|100%| O|  |TAMS 0x0000000091b00000, 0x0000000091a00000| Untracked 
| 283|0x0000000091b00000, 0x0000000091c00000, 0x0000000091c00000|100%| O|  |TAMS 0x0000000091c00000, 0x0000000091b00000| Untracked 
| 284|0x0000000091c00000, 0x0000000091d00000, 0x0000000091d00000|100%| O|  |TAMS 0x0000000091d00000, 0x0000000091c00000| Untracked 
| 285|0x0000000091d00000, 0x0000000091e00000, 0x0000000091e00000|100%| O|  |TAMS 0x0000000091e00000, 0x0000000091d00000| Untracked 
| 286|0x0000000091e00000, 0x0000000091f00000, 0x0000000091f00000|100%| O|  |TAMS 0x0000000091f00000, 0x0000000091e00000| Untracked 
| 287|0x0000000091f00000, 0x0000000092000000, 0x0000000092000000|100%| O|  |TAMS 0x0000000092000000, 0x0000000091f00000| Untracked 
| 288|0x0000000092000000, 0x0000000092100000, 0x0000000092100000|100%| O|  |TAMS 0x0000000092100000, 0x0000000092000000| Untracked 
| 289|0x0000000092100000, 0x0000000092200000, 0x0000000092200000|100%| O|  |TAMS 0x0000000092200000, 0x0000000092100000| Untracked 
| 290|0x0000000092200000, 0x0000000092300000, 0x0000000092300000|100%| O|  |TAMS 0x0000000092300000, 0x0000000092200000| Untracked 
| 291|0x0000000092300000, 0x0000000092400000, 0x0000000092400000|100%| O|  |TAMS 0x0000000092400000, 0x0000000092300000| Untracked 
| 292|0x0000000092400000, 0x0000000092500000, 0x0000000092500000|100%| O|  |TAMS 0x0000000092500000, 0x0000000092400000| Untracked 
| 293|0x0000000092500000, 0x0000000092600000, 0x0000000092600000|100%| O|  |TAMS 0x0000000092600000, 0x0000000092500000| Untracked 
| 294|0x0000000092600000, 0x0000000092700000, 0x0000000092700000|100%| O|  |TAMS 0x0000000092700000, 0x0000000092600000| Untracked 
| 295|0x0000000092700000, 0x0000000092800000, 0x0000000092800000|100%| O|  |TAMS 0x0000000092800000, 0x0000000092700000| Untracked 
| 296|0x0000000092800000, 0x0000000092900000, 0x0000000092900000|100%| O|  |TAMS 0x0000000092900000, 0x0000000092800000| Untracked 
| 297|0x0000000092900000, 0x0000000092a00000, 0x0000000092a00000|100%| O|  |TAMS 0x0000000092a00000, 0x0000000092900000| Untracked 
| 298|0x0000000092a00000, 0x0000000092b00000, 0x0000000092b00000|100%| O|  |TAMS 0x0000000092b00000, 0x0000000092a00000| Untracked 
| 299|0x0000000092b00000, 0x0000000092c00000, 0x0000000092c00000|100%| O|  |TAMS 0x0000000092c00000, 0x0000000092b00000| Untracked 
| 300|0x0000000092c00000, 0x0000000092d00000, 0x0000000092d00000|100%| O|  |TAMS 0x0000000092d00000, 0x0000000092c00000| Untracked 
| 301|0x0000000092d00000, 0x0000000092e00000, 0x0000000092e00000|100%| O|  |TAMS 0x0000000092e00000, 0x0000000092d00000| Untracked 
| 302|0x0000000092e00000, 0x0000000092f00000, 0x0000000092f00000|100%| O|  |TAMS 0x0000000092f00000, 0x0000000092e00000| Untracked 
| 303|0x0000000092f00000, 0x0000000093000000, 0x0000000093000000|100%| O|  |TAMS 0x0000000093000000, 0x0000000092f00000| Untracked 
| 304|0x0000000093000000, 0x0000000093100000, 0x0000000093100000|100%| O|  |TAMS 0x0000000093100000, 0x0000000093000000| Untracked 
| 305|0x0000000093100000, 0x0000000093200000, 0x0000000093200000|100%| O|  |TAMS 0x0000000093200000, 0x0000000093100000| Untracked 
| 306|0x0000000093200000, 0x0000000093300000, 0x0000000093300000|100%| O|  |TAMS 0x0000000093300000, 0x0000000093200000| Untracked 
| 307|0x0000000093300000, 0x0000000093400000, 0x0000000093400000|100%| O|  |TAMS 0x0000000093400000, 0x0000000093300000| Untracked 
| 308|0x0000000093400000, 0x0000000093500000, 0x0000000093500000|100%| O|  |TAMS 0x0000000093500000, 0x0000000093400000| Untracked 
| 309|0x0000000093500000, 0x0000000093600000, 0x0000000093600000|100%| O|  |TAMS 0x0000000093600000, 0x0000000093500000| Untracked 
| 310|0x0000000093600000, 0x0000000093700000, 0x0000000093700000|100%| O|  |TAMS 0x0000000093700000, 0x0000000093600000| Untracked 
| 311|0x0000000093700000, 0x0000000093800000, 0x0000000093800000|100%| O|  |TAMS 0x0000000093800000, 0x0000000093700000| Untracked 
| 312|0x0000000093800000, 0x0000000093900000, 0x0000000093900000|100%| O|  |TAMS 0x0000000093900000, 0x0000000093800000| Untracked 
| 313|0x0000000093900000, 0x0000000093a00000, 0x0000000093a00000|100%| O|  |TAMS 0x0000000093a00000, 0x0000000093900000| Untracked 
| 314|0x0000000093a00000, 0x0000000093b00000, 0x0000000093b00000|100%| O|  |TAMS 0x0000000093b00000, 0x0000000093a00000| Untracked 
| 315|0x0000000093b00000, 0x0000000093c00000, 0x0000000093c00000|100%| O|  |TAMS 0x0000000093c00000, 0x0000000093b00000| Untracked 
| 316|0x0000000093c00000, 0x0000000093d00000, 0x0000000093d00000|100%| O|  |TAMS 0x0000000093d00000, 0x0000000093c00000| Untracked 
| 317|0x0000000093d00000, 0x0000000093e00000, 0x0000000093e00000|100%| O|  |TAMS 0x0000000093e00000, 0x0000000093d00000| Untracked 
| 318|0x0000000093e00000, 0x0000000093f00000, 0x0000000093f00000|100%| O|  |TAMS 0x0000000093f00000, 0x0000000093e00000| Untracked 
| 319|0x0000000093f00000, 0x0000000094000000, 0x0000000094000000|100%| O|  |TAMS 0x0000000094000000, 0x0000000093f00000| Untracked 
| 320|0x0000000094000000, 0x0000000094100000, 0x0000000094100000|100%| O|  |TAMS 0x0000000094100000, 0x0000000094000000| Untracked 
| 321|0x0000000094100000, 0x0000000094200000, 0x0000000094200000|100%| O|  |TAMS 0x0000000094200000, 0x0000000094100000| Untracked 
| 322|0x0000000094200000, 0x0000000094300000, 0x0000000094300000|100%| O|  |TAMS 0x0000000094300000, 0x0000000094200000| Untracked 
| 323|0x0000000094300000, 0x0000000094400000, 0x0000000094400000|100%| O|  |TAMS 0x0000000094400000, 0x0000000094300000| Untracked 
| 324|0x0000000094400000, 0x0000000094500000, 0x0000000094500000|100%| O|  |TAMS 0x0000000094500000, 0x0000000094400000| Untracked 
| 325|0x0000000094500000, 0x0000000094600000, 0x0000000094600000|100%| O|  |TAMS 0x0000000094600000, 0x0000000094500000| Untracked 
| 326|0x0000000094600000, 0x0000000094700000, 0x0000000094700000|100%| O|  |TAMS 0x0000000094700000, 0x0000000094600000| Untracked 
| 327|0x0000000094700000, 0x0000000094800000, 0x0000000094800000|100%| O|  |TAMS 0x0000000094800000, 0x0000000094700000| Untracked 
| 328|0x0000000094800000, 0x0000000094900000, 0x0000000094900000|100%| O|  |TAMS 0x0000000094900000, 0x0000000094800000| Untracked 
| 329|0x0000000094900000, 0x0000000094a00000, 0x0000000094a00000|100%| O|  |TAMS 0x0000000094a00000, 0x0000000094900000| Untracked 
| 330|0x0000000094a00000, 0x0000000094b00000, 0x0000000094b00000|100%| O|  |TAMS 0x0000000094b00000, 0x0000000094a00000| Untracked 
| 331|0x0000000094b00000, 0x0000000094c00000, 0x0000000094c00000|100%| O|  |TAMS 0x0000000094c00000, 0x0000000094b00000| Untracked 
| 332|0x0000000094c00000, 0x0000000094d00000, 0x0000000094d00000|100%| O|  |TAMS 0x0000000094d00000, 0x0000000094c00000| Untracked 
| 333|0x0000000094d00000, 0x0000000094e00000, 0x0000000094e00000|100%| O|  |TAMS 0x0000000094e00000, 0x0000000094d00000| Untracked 
| 334|0x0000000094e00000, 0x0000000094f00000, 0x0000000094f00000|100%| O|  |TAMS 0x0000000094f00000, 0x0000000094e00000| Untracked 
| 335|0x0000000094f00000, 0x0000000095000000, 0x0000000095000000|100%| O|  |TAMS 0x0000000095000000, 0x0000000094f00000| Untracked 
| 336|0x0000000095000000, 0x0000000095100000, 0x0000000095100000|100%| O|  |TAMS 0x0000000095100000, 0x0000000095000000| Untracked 
| 337|0x0000000095100000, 0x0000000095200000, 0x0000000095200000|100%| O|  |TAMS 0x0000000095200000, 0x0000000095100000| Untracked 
| 338|0x0000000095200000, 0x0000000095300000, 0x0000000095300000|100%| O|  |TAMS 0x0000000095300000, 0x0000000095200000| Untracked 
| 339|0x0000000095300000, 0x0000000095400000, 0x0000000095400000|100%| O|  |TAMS 0x0000000095400000, 0x0000000095300000| Untracked 
| 340|0x0000000095400000, 0x0000000095500000, 0x0000000095500000|100%| O|  |TAMS 0x0000000095500000, 0x0000000095400000| Untracked 
| 341|0x0000000095500000, 0x0000000095600000, 0x0000000095600000|100%| O|  |TAMS 0x0000000095600000, 0x0000000095500000| Untracked 
| 342|0x0000000095600000, 0x0000000095700000, 0x0000000095700000|100%| O|  |TAMS 0x0000000095700000, 0x0000000095600000| Untracked 
| 343|0x0000000095700000, 0x0000000095800000, 0x0000000095800000|100%| O|  |TAMS 0x0000000095800000, 0x0000000095700000| Untracked 
| 344|0x0000000095800000, 0x0000000095900000, 0x0000000095900000|100%| O|  |TAMS 0x0000000095900000, 0x0000000095800000| Untracked 
| 345|0x0000000095900000, 0x0000000095a00000, 0x0000000095a00000|100%| O|  |TAMS 0x0000000095a00000, 0x0000000095900000| Untracked 
| 346|0x0000000095a00000, 0x0000000095b00000, 0x0000000095b00000|100%| O|  |TAMS 0x0000000095b00000, 0x0000000095a00000| Untracked 
| 347|0x0000000095b00000, 0x0000000095c00000, 0x0000000095c00000|100%| O|  |TAMS 0x0000000095c00000, 0x0000000095b00000| Untracked 
| 348|0x0000000095c00000, 0x0000000095d00000, 0x0000000095d00000|100%| O|  |TAMS 0x0000000095d00000, 0x0000000095c00000| Untracked 
| 349|0x0000000095d00000, 0x0000000095e00000, 0x0000000095e00000|100%| O|  |TAMS 0x0000000095e00000, 0x0000000095d00000| Untracked 
| 350|0x0000000095e00000, 0x0000000095f00000, 0x0000000095f00000|100%| O|  |TAMS 0x0000000095f00000, 0x0000000095e00000| Untracked 
| 351|0x0000000095f00000, 0x0000000096000000, 0x0000000096000000|100%| O|  |TAMS 0x0000000096000000, 0x0000000095f00000| Untracked 
| 352|0x0000000096000000, 0x0000000096100000, 0x0000000096100000|100%| O|  |TAMS 0x0000000096100000, 0x0000000096000000| Untracked 
| 353|0x0000000096100000, 0x0000000096100000, 0x0000000096200000|  0%| F|  |TAMS 0x0000000096100000, 0x0000000096100000| Untracked 
| 354|0x0000000096200000, 0x0000000096300000, 0x0000000096300000|100%| O|  |TAMS 0x0000000096300000, 0x0000000096200000| Untracked 
| 355|0x0000000096300000, 0x0000000096400000, 0x0000000096400000|100%| O|  |TAMS 0x0000000096400000, 0x0000000096300000| Untracked 
| 356|0x0000000096400000, 0x0000000096500000, 0x0000000096500000|100%| O|  |TAMS 0x0000000096500000, 0x0000000096400000| Untracked 
| 357|0x0000000096500000, 0x0000000096600000, 0x0000000096600000|100%| O|  |TAMS 0x0000000096600000, 0x0000000096500000| Untracked 
| 358|0x0000000096600000, 0x0000000096700000, 0x0000000096700000|100%| O|  |TAMS 0x0000000096700000, 0x0000000096600000| Untracked 
| 359|0x0000000096700000, 0x0000000096700000, 0x0000000096800000|  0%| F|  |TAMS 0x0000000096700000, 0x0000000096700000| Untracked 
| 360|0x0000000096800000, 0x0000000096900000, 0x0000000096900000|100%| O|  |TAMS 0x0000000096900000, 0x0000000096800000| Untracked 
| 361|0x0000000096900000, 0x0000000096a00000, 0x0000000096a00000|100%|HS|  |TAMS 0x0000000096900000, 0x0000000096900000| Complete 
| 362|0x0000000096a00000, 0x0000000096b00000, 0x0000000096b00000|100%|HC|  |TAMS 0x0000000096a00000, 0x0000000096a00000| Complete 
| 363|0x0000000096b00000, 0x0000000096c00000, 0x0000000096c00000|100%| O|  |TAMS 0x0000000096c00000, 0x0000000096b00000| Untracked 
| 364|0x0000000096c00000, 0x0000000096d00000, 0x0000000096d00000|100%| O|  |TAMS 0x0000000096d00000, 0x0000000096c00000| Untracked 
| 365|0x0000000096d00000, 0x0000000096e00000, 0x0000000096e00000|100%| O|  |TAMS 0x0000000096e00000, 0x0000000096d00000| Untracked 
| 366|0x0000000096e00000, 0x0000000096f00000, 0x0000000096f00000|100%| O|  |TAMS 0x0000000096f00000, 0x0000000096e00000| Untracked 
| 367|0x0000000096f00000, 0x0000000097000000, 0x0000000097000000|100%| O|  |TAMS 0x0000000097000000, 0x0000000096f00000| Untracked 
| 368|0x0000000097000000, 0x0000000097100000, 0x0000000097100000|100%| O|  |TAMS 0x0000000097100000, 0x0000000097000000| Untracked 
| 369|0x0000000097100000, 0x0000000097200000, 0x0000000097200000|100%| O|  |TAMS 0x0000000097200000, 0x0000000097100000| Untracked 
| 370|0x0000000097200000, 0x0000000097300000, 0x0000000097300000|100%| O|  |TAMS 0x0000000097300000, 0x0000000097200000| Untracked 
| 371|0x0000000097300000, 0x0000000097400000, 0x0000000097400000|100%| O|  |TAMS 0x0000000097400000, 0x0000000097300000| Untracked 
| 372|0x0000000097400000, 0x0000000097500000, 0x0000000097500000|100%| O|  |TAMS 0x0000000097500000, 0x0000000097400000| Untracked 
| 373|0x0000000097500000, 0x0000000097600000, 0x0000000097600000|100%| O|  |TAMS 0x0000000097600000, 0x0000000097500000| Untracked 
| 374|0x0000000097600000, 0x0000000097700000, 0x0000000097700000|100%| O|  |TAMS 0x0000000097700000, 0x0000000097600000| Untracked 
| 375|0x0000000097700000, 0x0000000097800000, 0x0000000097800000|100%| O|  |TAMS 0x0000000097800000, 0x0000000097700000| Untracked 
| 376|0x0000000097800000, 0x0000000097900000, 0x0000000097900000|100%| O|  |TAMS 0x0000000097900000, 0x0000000097800000| Untracked 
| 377|0x0000000097900000, 0x0000000097a00000, 0x0000000097a00000|100%| O|  |TAMS 0x0000000097a00000, 0x0000000097900000| Untracked 
| 378|0x0000000097a00000, 0x0000000097b00000, 0x0000000097b00000|100%| O|  |TAMS 0x0000000097b00000, 0x0000000097a00000| Untracked 
| 379|0x0000000097b00000, 0x0000000097c00000, 0x0000000097c00000|100%| O|  |TAMS 0x0000000097c00000, 0x0000000097b00000| Untracked 
| 380|0x0000000097c00000, 0x0000000097d00000, 0x0000000097d00000|100%| O|  |TAMS 0x0000000097d00000, 0x0000000097c00000| Untracked 
| 381|0x0000000097d00000, 0x0000000097e00000, 0x0000000097e00000|100%| O|  |TAMS 0x0000000097e00000, 0x0000000097d00000| Untracked 
| 382|0x0000000097e00000, 0x0000000097f00000, 0x0000000097f00000|100%|HS|  |TAMS 0x0000000097e00000, 0x0000000097e00000| Complete 
| 383|0x0000000097f00000, 0x0000000098000000, 0x0000000098000000|100%|HC|  |TAMS 0x0000000097f00000, 0x0000000097f00000| Complete 
| 384|0x0000000098000000, 0x0000000098100000, 0x0000000098100000|100%| O|  |TAMS 0x0000000098100000, 0x0000000098000000| Untracked 
| 385|0x0000000098100000, 0x0000000098200000, 0x0000000098200000|100%|HS|  |TAMS 0x0000000098200000, 0x0000000098100000| Complete 
| 386|0x0000000098200000, 0x0000000098300000, 0x0000000098300000|100%|HC|  |TAMS 0x0000000098300000, 0x0000000098200000| Complete 
| 387|0x0000000098300000, 0x0000000098400000, 0x0000000098400000|100%|HS|  |TAMS 0x0000000098400000, 0x0000000098300000| Complete 
| 388|0x0000000098400000, 0x0000000098500000, 0x0000000098500000|100%|HC|  |TAMS 0x0000000098500000, 0x0000000098400000| Complete 
| 389|0x0000000098500000, 0x0000000098600000, 0x0000000098600000|100%| O|  |TAMS 0x0000000098600000, 0x0000000098500000| Untracked 
| 390|0x0000000098600000, 0x0000000098700000, 0x0000000098700000|100%| O|  |TAMS 0x0000000098700000, 0x0000000098600000| Untracked 
| 391|0x0000000098700000, 0x0000000098800000, 0x0000000098800000|100%| O|  |TAMS 0x0000000098800000, 0x0000000098700000| Untracked 
| 392|0x0000000098800000, 0x0000000098900000, 0x0000000098900000|100%| O|  |TAMS 0x0000000098900000, 0x0000000098800000| Untracked 
| 393|0x0000000098900000, 0x0000000098a00000, 0x0000000098a00000|100%| O|  |TAMS 0x0000000098a00000, 0x0000000098900000| Untracked 
| 394|0x0000000098a00000, 0x0000000098b00000, 0x0000000098b00000|100%| O|  |TAMS 0x0000000098b00000, 0x0000000098a00000| Untracked 
| 395|0x0000000098b00000, 0x0000000098c00000, 0x0000000098c00000|100%|HS|  |TAMS 0x0000000098c00000, 0x0000000098b00000| Complete 
| 396|0x0000000098c00000, 0x0000000098d00000, 0x0000000098d00000|100%|HC|  |TAMS 0x0000000098d00000, 0x0000000098c00000| Complete 
| 397|0x0000000098d00000, 0x0000000098e00000, 0x0000000098e00000|100%| O|  |TAMS 0x0000000098e00000, 0x0000000098d00000| Untracked 
| 398|0x0000000098e00000, 0x0000000098e00000, 0x0000000098f00000|  0%| F|  |TAMS 0x0000000098e00000, 0x0000000098e00000| Untracked 
| 399|0x0000000098f00000, 0x0000000098f00000, 0x0000000099000000|  0%| F|  |TAMS 0x0000000098f00000, 0x0000000098f00000| Untracked 
| 400|0x0000000099000000, 0x0000000099000000, 0x0000000099100000|  0%| F|  |TAMS 0x0000000099000000, 0x0000000099000000| Untracked 
| 401|0x0000000099100000, 0x0000000099100000, 0x0000000099200000|  0%| F|  |TAMS 0x0000000099100000, 0x0000000099100000| Untracked 
| 402|0x0000000099200000, 0x0000000099300000, 0x0000000099300000|100%| O|  |TAMS 0x0000000099300000, 0x0000000099200000| Untracked 
| 403|0x0000000099300000, 0x0000000099400000, 0x0000000099400000|100%| O|  |TAMS 0x0000000099400000, 0x0000000099300000| Untracked 
| 404|0x0000000099400000, 0x0000000099400000, 0x0000000099500000|  0%| F|  |TAMS 0x0000000099400000, 0x0000000099400000| Untracked 
| 405|0x0000000099500000, 0x0000000099500000, 0x0000000099600000|  0%| F|  |TAMS 0x0000000099500000, 0x0000000099500000| Untracked 
| 406|0x0000000099600000, 0x0000000099700000, 0x0000000099700000|100%| O|  |TAMS 0x0000000099700000, 0x0000000099600000| Untracked 
| 407|0x0000000099700000, 0x0000000099800000, 0x0000000099800000|100%| O|  |TAMS 0x0000000099800000, 0x0000000099700000| Untracked 
| 408|0x0000000099800000, 0x0000000099900000, 0x0000000099900000|100%| O|  |TAMS 0x0000000099900000, 0x0000000099800000| Untracked 
| 409|0x0000000099900000, 0x0000000099900000, 0x0000000099a00000|  0%| F|  |TAMS 0x0000000099900000, 0x0000000099900000| Untracked 
| 410|0x0000000099a00000, 0x0000000099a00000, 0x0000000099b00000|  0%| F|  |TAMS 0x0000000099a00000, 0x0000000099a00000| Untracked 
| 411|0x0000000099b00000, 0x0000000099b00000, 0x0000000099c00000|  0%| F|  |TAMS 0x0000000099b00000, 0x0000000099b00000| Untracked 
| 412|0x0000000099c00000, 0x0000000099c00000, 0x0000000099d00000|  0%| F|  |TAMS 0x0000000099c00000, 0x0000000099c00000| Untracked 
| 413|0x0000000099d00000, 0x0000000099d00000, 0x0000000099e00000|  0%| F|  |TAMS 0x0000000099d00000, 0x0000000099d00000| Untracked 
| 414|0x0000000099e00000, 0x0000000099e00000, 0x0000000099f00000|  0%| F|  |TAMS 0x0000000099e00000, 0x0000000099e00000| Untracked 
| 415|0x0000000099f00000, 0x0000000099f00000, 0x000000009a000000|  0%| F|  |TAMS 0x0000000099f00000, 0x0000000099f00000| Untracked 
| 416|0x000000009a000000, 0x000000009a000000, 0x000000009a100000|  0%| F|  |TAMS 0x000000009a000000, 0x000000009a000000| Untracked 
| 417|0x000000009a100000, 0x000000009a100000, 0x000000009a200000|  0%| F|  |TAMS 0x000000009a100000, 0x000000009a100000| Untracked 
| 418|0x000000009a200000, 0x000000009a200000, 0x000000009a300000|  0%| F|  |TAMS 0x000000009a200000, 0x000000009a200000| Untracked 
| 419|0x000000009a300000, 0x000000009a300000, 0x000000009a400000|  0%| F|  |TAMS 0x000000009a300000, 0x000000009a300000| Untracked 
| 420|0x000000009a400000, 0x000000009a500000, 0x000000009a500000|100%|HS|  |TAMS 0x000000009a500000, 0x000000009a400000| Complete 
| 421|0x000000009a500000, 0x000000009a600000, 0x000000009a600000|100%|HC|  |TAMS 0x000000009a600000, 0x000000009a500000| Complete 
| 422|0x000000009a600000, 0x000000009a700000, 0x000000009a700000|100%|HC|  |TAMS 0x000000009a700000, 0x000000009a600000| Complete 
| 423|0x000000009a700000, 0x000000009a800000, 0x000000009a800000|100%|HC|  |TAMS 0x000000009a800000, 0x000000009a700000| Complete 
| 424|0x000000009a800000, 0x000000009a900000, 0x000000009a900000|100%|HC|  |TAMS 0x000000009a900000, 0x000000009a800000| Complete 
| 425|0x000000009a900000, 0x000000009aa00000, 0x000000009aa00000|100%|HC|  |TAMS 0x000000009aa00000, 0x000000009a900000| Complete 
| 426|0x000000009aa00000, 0x000000009ab00000, 0x000000009ab00000|100%|HC|  |TAMS 0x000000009ab00000, 0x000000009aa00000| Complete 
| 427|0x000000009ab00000, 0x000000009ab00000, 0x000000009ac00000|  0%| F|  |TAMS 0x000000009ab00000, 0x000000009ab00000| Untracked 
| 428|0x000000009ac00000, 0x000000009ac00000, 0x000000009ad00000|  0%| F|  |TAMS 0x000000009ac00000, 0x000000009ac00000| Untracked 
| 429|0x000000009ad00000, 0x000000009ad00000, 0x000000009ae00000|  0%| F|  |TAMS 0x000000009ad00000, 0x000000009ad00000| Untracked 
| 430|0x000000009ae00000, 0x000000009ae00000, 0x000000009af00000|  0%| F|  |TAMS 0x000000009ae00000, 0x000000009ae00000| Untracked 
| 431|0x000000009af00000, 0x000000009af00000, 0x000000009b000000|  0%| F|  |TAMS 0x000000009af00000, 0x000000009af00000| Untracked 
| 432|0x000000009b000000, 0x000000009b000000, 0x000000009b100000|  0%| F|  |TAMS 0x000000009b000000, 0x000000009b000000| Untracked 
| 433|0x000000009b100000, 0x000000009b100000, 0x000000009b200000|  0%| F|  |TAMS 0x000000009b100000, 0x000000009b100000| Untracked 
| 434|0x000000009b200000, 0x000000009b200000, 0x000000009b300000|  0%| F|  |TAMS 0x000000009b200000, 0x000000009b200000| Untracked 
| 435|0x000000009b300000, 0x000000009b300000, 0x000000009b400000|  0%| F|  |TAMS 0x000000009b300000, 0x000000009b300000| Untracked 
| 436|0x000000009b400000, 0x000000009b400000, 0x000000009b500000|  0%| F|  |TAMS 0x000000009b400000, 0x000000009b400000| Untracked 
| 437|0x000000009b500000, 0x000000009b500000, 0x000000009b600000|  0%| F|  |TAMS 0x000000009b500000, 0x000000009b500000| Untracked 
| 438|0x000000009b600000, 0x000000009b600000, 0x000000009b700000|  0%| F|  |TAMS 0x000000009b600000, 0x000000009b600000| Untracked 
| 439|0x000000009b700000, 0x000000009b700000, 0x000000009b800000|  0%| F|  |TAMS 0x000000009b700000, 0x000000009b700000| Untracked 
| 440|0x000000009b800000, 0x000000009b800000, 0x000000009b900000|  0%| F|  |TAMS 0x000000009b800000, 0x000000009b800000| Untracked 
| 441|0x000000009b900000, 0x000000009b900000, 0x000000009ba00000|  0%| F|  |TAMS 0x000000009b900000, 0x000000009b900000| Untracked 
| 442|0x000000009ba00000, 0x000000009ba00000, 0x000000009bb00000|  0%| F|  |TAMS 0x000000009ba00000, 0x000000009ba00000| Untracked 
| 443|0x000000009bb00000, 0x000000009bb00000, 0x000000009bc00000|  0%| F|  |TAMS 0x000000009bb00000, 0x000000009bb00000| Untracked 
| 444|0x000000009bc00000, 0x000000009bc00000, 0x000000009bd00000|  0%| F|  |TAMS 0x000000009bc00000, 0x000000009bc00000| Untracked 
| 445|0x000000009bd00000, 0x000000009bd00000, 0x000000009be00000|  0%| F|  |TAMS 0x000000009bd00000, 0x000000009bd00000| Untracked 
| 446|0x000000009be00000, 0x000000009bf00000, 0x000000009bf00000|100%| O|  |TAMS 0x000000009be00000, 0x000000009be00000| Untracked 
| 447|0x000000009bf00000, 0x000000009c000000, 0x000000009c000000|100%| O|  |TAMS 0x000000009bf00000, 0x000000009bf00000| Untracked 
| 448|0x000000009c000000, 0x000000009c100000, 0x000000009c100000|100%| O|  |TAMS 0x000000009c100000, 0x000000009c000000| Untracked 
| 449|0x000000009c100000, 0x000000009c100000, 0x000000009c200000|  0%| F|  |TAMS 0x000000009c100000, 0x000000009c100000| Untracked 
| 450|0x000000009c200000, 0x000000009c200000, 0x000000009c300000|  0%| F|  |TAMS 0x000000009c200000, 0x000000009c200000| Untracked 
| 451|0x000000009c300000, 0x000000009c300000, 0x000000009c400000|  0%| F|  |TAMS 0x000000009c300000, 0x000000009c300000| Untracked 
| 452|0x000000009c400000, 0x000000009c400000, 0x000000009c500000|  0%| F|  |TAMS 0x000000009c400000, 0x000000009c400000| Untracked 
| 453|0x000000009c500000, 0x000000009c600000, 0x000000009c600000|100%| O|  |TAMS 0x000000009c500000, 0x000000009c500000| Untracked 
| 454|0x000000009c600000, 0x000000009c600000, 0x000000009c700000|  0%| F|  |TAMS 0x000000009c600000, 0x000000009c600000| Untracked 
| 455|0x000000009c700000, 0x000000009c700000, 0x000000009c800000|  0%| F|  |TAMS 0x000000009c700000, 0x000000009c700000| Untracked 
| 456|0x000000009c800000, 0x000000009c800000, 0x000000009c900000|  0%| F|  |TAMS 0x000000009c800000, 0x000000009c800000| Untracked 
| 457|0x000000009c900000, 0x000000009c900000, 0x000000009ca00000|  0%| F|  |TAMS 0x000000009c900000, 0x000000009c900000| Untracked 
| 458|0x000000009ca00000, 0x000000009ca00000, 0x000000009cb00000|  0%| F|  |TAMS 0x000000009ca00000, 0x000000009ca00000| Untracked 
| 459|0x000000009cb00000, 0x000000009cb00000, 0x000000009cc00000|  0%| F|  |TAMS 0x000000009cb00000, 0x000000009cb00000| Untracked 
| 460|0x000000009cc00000, 0x000000009cc00000, 0x000000009cd00000|  0%| F|  |TAMS 0x000000009cc00000, 0x000000009cc00000| Untracked 
| 461|0x000000009cd00000, 0x000000009cd00000, 0x000000009ce00000|  0%| F|  |TAMS 0x000000009cd00000, 0x000000009cd00000| Untracked 
| 462|0x000000009ce00000, 0x000000009ce00000, 0x000000009cf00000|  0%| F|  |TAMS 0x000000009ce00000, 0x000000009ce00000| Untracked 
| 463|0x000000009cf00000, 0x000000009cf00000, 0x000000009d000000|  0%| F|  |TAMS 0x000000009cf00000, 0x000000009cf00000| Untracked 
| 464|0x000000009d000000, 0x000000009d000000, 0x000000009d100000|  0%| F|  |TAMS 0x000000009d000000, 0x000000009d000000| Untracked 
| 465|0x000000009d100000, 0x000000009d100000, 0x000000009d200000|  0%| F|  |TAMS 0x000000009d100000, 0x000000009d100000| Untracked 
| 466|0x000000009d200000, 0x000000009d200000, 0x000000009d300000|  0%| F|  |TAMS 0x000000009d200000, 0x000000009d200000| Untracked 
| 467|0x000000009d300000, 0x000000009d300000, 0x000000009d400000|  0%| F|  |TAMS 0x000000009d300000, 0x000000009d300000| Untracked 
| 468|0x000000009d400000, 0x000000009d400000, 0x000000009d500000|  0%| F|  |TAMS 0x000000009d400000, 0x000000009d400000| Untracked 
| 469|0x000000009d500000, 0x000000009d500000, 0x000000009d600000|  0%| F|  |TAMS 0x000000009d500000, 0x000000009d500000| Untracked 
| 470|0x000000009d600000, 0x000000009d600000, 0x000000009d700000|  0%| F|  |TAMS 0x000000009d600000, 0x000000009d600000| Untracked 
| 471|0x000000009d700000, 0x000000009d800000, 0x000000009d800000|100%| O|  |TAMS 0x000000009d700000, 0x000000009d700000| Untracked 
| 472|0x000000009d800000, 0x000000009d800000, 0x000000009d900000|  0%| F|  |TAMS 0x000000009d800000, 0x000000009d800000| Untracked 
| 473|0x000000009d900000, 0x000000009d900000, 0x000000009da00000|  0%| F|  |TAMS 0x000000009d900000, 0x000000009d900000| Untracked 
| 474|0x000000009da00000, 0x000000009da00000, 0x000000009db00000|  0%| F|  |TAMS 0x000000009da00000, 0x000000009da00000| Untracked 
| 475|0x000000009db00000, 0x000000009db00000, 0x000000009dc00000|  0%| F|  |TAMS 0x000000009db00000, 0x000000009db00000| Untracked 
| 476|0x000000009dc00000, 0x000000009dc00000, 0x000000009dd00000|  0%| F|  |TAMS 0x000000009dc00000, 0x000000009dc00000| Untracked 
| 477|0x000000009dd00000, 0x000000009dd00000, 0x000000009de00000|  0%| F|  |TAMS 0x000000009dd00000, 0x000000009dd00000| Untracked 
| 478|0x000000009de00000, 0x000000009de00000, 0x000000009df00000|  0%| F|  |TAMS 0x000000009de00000, 0x000000009de00000| Untracked 
| 479|0x000000009df00000, 0x000000009df00000, 0x000000009e000000|  0%| F|  |TAMS 0x000000009df00000, 0x000000009df00000| Untracked 
| 480|0x000000009e000000, 0x000000009e000000, 0x000000009e100000|  0%| F|  |TAMS 0x000000009e000000, 0x000000009e000000| Untracked 
| 481|0x000000009e100000, 0x000000009e100000, 0x000000009e200000|  0%| F|  |TAMS 0x000000009e100000, 0x000000009e100000| Untracked 
| 482|0x000000009e200000, 0x000000009e200000, 0x000000009e300000|  0%| F|  |TAMS 0x000000009e200000, 0x000000009e200000| Untracked 
| 483|0x000000009e300000, 0x000000009e300000, 0x000000009e400000|  0%| F|  |TAMS 0x000000009e300000, 0x000000009e300000| Untracked 
| 484|0x000000009e400000, 0x000000009e500000, 0x000000009e500000|100%|HS|  |TAMS 0x000000009e500000, 0x000000009e400000| Complete 
| 485|0x000000009e500000, 0x000000009e600000, 0x000000009e600000|100%|HS|  |TAMS 0x000000009e600000, 0x000000009e500000| Complete 
| 486|0x000000009e600000, 0x000000009e600000, 0x000000009e700000|  0%| F|  |TAMS 0x000000009e600000, 0x000000009e600000| Untracked 
| 487|0x000000009e700000, 0x000000009e800000, 0x000000009e800000|100%| O|  |TAMS 0x000000009e800000, 0x000000009e700000| Untracked 
| 488|0x000000009e800000, 0x000000009e800000, 0x000000009e900000|  0%| F|  |TAMS 0x000000009e800000, 0x000000009e800000| Untracked 
| 489|0x000000009e900000, 0x000000009ea00000, 0x000000009ea00000|100%| O|  |TAMS 0x000000009ea00000, 0x000000009e900000| Untracked 
| 490|0x000000009ea00000, 0x000000009eb00000, 0x000000009eb00000|100%| O|  |TAMS 0x000000009eb00000, 0x000000009ea00000| Untracked 
| 491|0x000000009eb00000, 0x000000009ec00000, 0x000000009ec00000|100%| O|  |TAMS 0x000000009ec00000, 0x000000009eb00000| Untracked 
| 492|0x000000009ec00000, 0x000000009ec00000, 0x000000009ed00000|  0%| F|  |TAMS 0x000000009ec00000, 0x000000009ec00000| Untracked 
| 493|0x000000009ed00000, 0x000000009ee00000, 0x000000009ee00000|100%| O|  |TAMS 0x000000009ed10200, 0x000000009ed00000| Untracked 
| 494|0x000000009ee00000, 0x000000009ef00000, 0x000000009ef00000|100%|HS|  |TAMS 0x000000009ef00000, 0x000000009ee00000| Complete 
| 495|0x000000009ef00000, 0x000000009f000000, 0x000000009f000000|100%|HC|  |TAMS 0x000000009f000000, 0x000000009ef00000| Complete 
| 496|0x000000009f000000, 0x000000009f100000, 0x000000009f100000|100%|HS|  |TAMS 0x000000009f100000, 0x000000009f000000| Complete 
| 497|0x000000009f100000, 0x000000009f200000, 0x000000009f200000|100%|HC|  |TAMS 0x000000009f200000, 0x000000009f100000| Complete 
| 498|0x000000009f200000, 0x000000009f300000, 0x000000009f300000|100%|HS|  |TAMS 0x000000009f300000, 0x000000009f200000| Complete 
| 499|0x000000009f300000, 0x000000009f400000, 0x000000009f400000|100%|HC|  |TAMS 0x000000009f400000, 0x000000009f300000| Complete 
| 500|0x000000009f400000, 0x000000009f500000, 0x000000009f500000|100%|HS|  |TAMS 0x000000009f500000, 0x000000009f400000| Complete 
| 501|0x000000009f500000, 0x000000009f600000, 0x000000009f600000|100%|HS|  |TAMS 0x000000009f600000, 0x000000009f500000| Complete 
| 502|0x000000009f600000, 0x000000009f700000, 0x000000009f700000|100%|HC|  |TAMS 0x000000009f700000, 0x000000009f600000| Complete 
| 503|0x000000009f700000, 0x000000009f800000, 0x000000009f800000|100%|HS|  |TAMS 0x000000009f800000, 0x000000009f700000| Complete 
| 504|0x000000009f800000, 0x000000009f900000, 0x000000009f900000|100%|HC|  |TAMS 0x000000009f900000, 0x000000009f800000| Complete 
| 505|0x000000009f900000, 0x000000009fa00000, 0x000000009fa00000|100%|HS|  |TAMS 0x000000009fa00000, 0x000000009f900000| Complete 
| 506|0x000000009fa00000, 0x000000009fb00000, 0x000000009fb00000|100%|HC|  |TAMS 0x000000009fb00000, 0x000000009fa00000| Complete 
| 507|0x000000009fb00000, 0x000000009fc00000, 0x000000009fc00000|100%|HS|  |TAMS 0x000000009fc00000, 0x000000009fb00000| Complete 
| 508|0x000000009fc00000, 0x000000009fd00000, 0x000000009fd00000|100%|HC|  |TAMS 0x000000009fd00000, 0x000000009fc00000| Complete 
| 509|0x000000009fd00000, 0x000000009fe00000, 0x000000009fe00000|100%|HC|  |TAMS 0x000000009fe00000, 0x000000009fd00000| Complete 
| 510|0x000000009fe00000, 0x000000009ff00000, 0x000000009ff00000|100%|HS|  |TAMS 0x000000009ff00000, 0x000000009fe00000| Complete 
| 511|0x000000009ff00000, 0x00000000a0000000, 0x00000000a0000000|100%|HC|  |TAMS 0x00000000a0000000, 0x000000009ff00000| Complete 
| 512|0x00000000a0000000, 0x00000000a0100000, 0x00000000a0100000|100%|HC|  |TAMS 0x00000000a0100000, 0x00000000a0000000| Complete 
| 513|0x00000000a0100000, 0x00000000a0200000, 0x00000000a0200000|100%|HS|  |TAMS 0x00000000a0200000, 0x00000000a0100000| Complete 
| 514|0x00000000a0200000, 0x00000000a0300000, 0x00000000a0300000|100%|HS|  |TAMS 0x00000000a0300000, 0x00000000a0200000| Complete 
| 515|0x00000000a0300000, 0x00000000a0400000, 0x00000000a0400000|100%| O|  |TAMS 0x00000000a0300000, 0x00000000a0300000| Untracked 
| 516|0x00000000a0400000, 0x00000000a0500000, 0x00000000a0500000|100%| O|  |TAMS 0x00000000a0400000, 0x00000000a0400000| Untracked 
| 517|0x00000000a0500000, 0x00000000a0600000, 0x00000000a0600000|100%| O|  |TAMS 0x00000000a0500000, 0x00000000a0500000| Untracked 
| 518|0x00000000a0600000, 0x00000000a0700000, 0x00000000a0700000|100%|HS|  |TAMS 0x00000000a0700000, 0x00000000a0600000| Complete 
| 519|0x00000000a0700000, 0x00000000a0800000, 0x00000000a0800000|100%|HC|  |TAMS 0x00000000a0800000, 0x00000000a0700000| Complete 
| 520|0x00000000a0800000, 0x00000000a0900000, 0x00000000a0900000|100%|HS|  |TAMS 0x00000000a0800000, 0x00000000a0800000| Complete 
| 521|0x00000000a0900000, 0x00000000a0a00000, 0x00000000a0a00000|100%|HC|  |TAMS 0x00000000a0900000, 0x00000000a0900000| Complete 
| 522|0x00000000a0a00000, 0x00000000a0b00000, 0x00000000a0b00000|100%| O|  |TAMS 0x00000000a0a00000, 0x00000000a0a00000| Untracked 
| 523|0x00000000a0b00000, 0x00000000a0c00000, 0x00000000a0c00000|100%|HS|  |TAMS 0x00000000a0c00000, 0x00000000a0b00000| Complete 
| 524|0x00000000a0c00000, 0x00000000a0d00000, 0x00000000a0d00000|100%|HC|  |TAMS 0x00000000a0d00000, 0x00000000a0c00000| Complete 
| 525|0x00000000a0d00000, 0x00000000a0e00000, 0x00000000a0e00000|100%|HS|  |TAMS 0x00000000a0d00000, 0x00000000a0d00000| Complete 
| 526|0x00000000a0e00000, 0x00000000a0f00000, 0x00000000a0f00000|100%| O|  |TAMS 0x00000000a0e00000, 0x00000000a0e00000| Untracked 
| 527|0x00000000a0f00000, 0x00000000a1000000, 0x00000000a1000000|100%| O|  |TAMS 0x00000000a0f00000, 0x00000000a0f00000| Untracked 
| 528|0x00000000a1000000, 0x00000000a1100000, 0x00000000a1100000|100%|HS|  |TAMS 0x00000000a1100000, 0x00000000a1000000| Complete 
| 529|0x00000000a1100000, 0x00000000a1200000, 0x00000000a1200000|100%|HC|  |TAMS 0x00000000a1200000, 0x00000000a1100000| Complete 
| 530|0x00000000a1200000, 0x00000000a1300000, 0x00000000a1300000|100%|HS|  |TAMS 0x00000000a1200000, 0x00000000a1200000| Complete 
| 531|0x00000000a1300000, 0x00000000a1400000, 0x00000000a1400000|100%|HS|  |TAMS 0x00000000a1400000, 0x00000000a1300000| Complete 
| 532|0x00000000a1400000, 0x00000000a1500000, 0x00000000a1500000|100%| O|  |TAMS 0x00000000a1400000, 0x00000000a1400000| Untracked 
| 533|0x00000000a1500000, 0x00000000a1600000, 0x00000000a1600000|100%| O|  |TAMS 0x00000000a1500000, 0x00000000a1500000| Untracked 
| 534|0x00000000a1600000, 0x00000000a1700000, 0x00000000a1700000|100%| O|  |TAMS 0x00000000a1600000, 0x00000000a1600000| Untracked 
| 535|0x00000000a1700000, 0x00000000a1800000, 0x00000000a1800000|100%| O|  |TAMS 0x00000000a1700000, 0x00000000a1700000| Untracked 
| 536|0x00000000a1800000, 0x00000000a1900000, 0x00000000a1900000|100%| O|  |TAMS 0x00000000a1800000, 0x00000000a1800000| Untracked 
| 537|0x00000000a1900000, 0x00000000a1a00000, 0x00000000a1a00000|100%| O|  |TAMS 0x00000000a1900000, 0x00000000a1900000| Untracked 
| 538|0x00000000a1a00000, 0x00000000a1b00000, 0x00000000a1b00000|100%| O|  |TAMS 0x00000000a1a00000, 0x00000000a1a00000| Untracked 
| 539|0x00000000a1b00000, 0x00000000a1c00000, 0x00000000a1c00000|100%| O|  |TAMS 0x00000000a1b00000, 0x00000000a1b00000| Untracked 
| 540|0x00000000a1c00000, 0x00000000a1d00000, 0x00000000a1d00000|100%| O|  |TAMS 0x00000000a1c00000, 0x00000000a1c00000| Untracked 
| 541|0x00000000a1d00000, 0x00000000a1e00000, 0x00000000a1e00000|100%| O|  |TAMS 0x00000000a1d00000, 0x00000000a1d00000| Untracked 
| 542|0x00000000a1e00000, 0x00000000a1f00000, 0x00000000a1f00000|100%| O|  |TAMS 0x00000000a1e00000, 0x00000000a1e00000| Untracked 
| 543|0x00000000a1f00000, 0x00000000a2000000, 0x00000000a2000000|100%| O|  |TAMS 0x00000000a1f00000, 0x00000000a1f00000| Untracked 
| 544|0x00000000a2000000, 0x00000000a2100000, 0x00000000a2100000|100%|HS|  |TAMS 0x00000000a2000000, 0x00000000a2000000| Complete 
| 545|0x00000000a2100000, 0x00000000a2200000, 0x00000000a2200000|100%|HC|  |TAMS 0x00000000a2100000, 0x00000000a2100000| Complete 
| 546|0x00000000a2200000, 0x00000000a2300000, 0x00000000a2300000|100%| O|  |TAMS 0x00000000a2200000, 0x00000000a2200000| Untracked 
| 547|0x00000000a2300000, 0x00000000a2400000, 0x00000000a2400000|100%| O|  |TAMS 0x00000000a2300000, 0x00000000a2300000| Untracked 
| 548|0x00000000a2400000, 0x00000000a2500000, 0x00000000a2500000|100%| O|  |TAMS 0x00000000a2400000, 0x00000000a2400000| Untracked 
| 549|0x00000000a2500000, 0x00000000a2600000, 0x00000000a2600000|100%|HS|  |TAMS 0x00000000a2500000, 0x00000000a2500000| Complete 
| 550|0x00000000a2600000, 0x00000000a2700000, 0x00000000a2700000|100%|HC|  |TAMS 0x00000000a2600000, 0x00000000a2600000| Complete 
| 551|0x00000000a2700000, 0x00000000a2800000, 0x00000000a2800000|100%| O|  |TAMS 0x00000000a2700000, 0x00000000a2700000| Untracked 
| 552|0x00000000a2800000, 0x00000000a2800000, 0x00000000a2900000|  0%| F|  |TAMS 0x00000000a2800000, 0x00000000a2800000| Untracked 
| 553|0x00000000a2900000, 0x00000000a2900000, 0x00000000a2a00000|  0%| F|  |TAMS 0x00000000a2900000, 0x00000000a2900000| Untracked 
| 554|0x00000000a2a00000, 0x00000000a2a00000, 0x00000000a2b00000|  0%| F|  |TAMS 0x00000000a2a00000, 0x00000000a2a00000| Untracked 
| 555|0x00000000a2b00000, 0x00000000a2b00000, 0x00000000a2c00000|  0%| F|  |TAMS 0x00000000a2b00000, 0x00000000a2b00000| Untracked 
| 556|0x00000000a2c00000, 0x00000000a2c00000, 0x00000000a2d00000|  0%| F|  |TAMS 0x00000000a2c00000, 0x00000000a2c00000| Untracked 
| 557|0x00000000a2d00000, 0x00000000a2e00000, 0x00000000a2e00000|100%|HS|  |TAMS 0x00000000a2d00000, 0x00000000a2d00000| Complete 
| 558|0x00000000a2e00000, 0x00000000a2f00000, 0x00000000a2f00000|100%|HC|  |TAMS 0x00000000a2e00000, 0x00000000a2e00000| Complete 
| 559|0x00000000a2f00000, 0x00000000a3000000, 0x00000000a3000000|100%|HC|  |TAMS 0x00000000a2f00000, 0x00000000a2f00000| Complete 
| 560|0x00000000a3000000, 0x00000000a3000000, 0x00000000a3100000|  0%| F|  |TAMS 0x00000000a3000000, 0x00000000a3000000| Untracked 
| 561|0x00000000a3100000, 0x00000000a3100000, 0x00000000a3200000|  0%| F|  |TAMS 0x00000000a3100000, 0x00000000a3100000| Untracked 
| 562|0x00000000a3200000, 0x00000000a3200000, 0x00000000a3300000|  0%| F|  |TAMS 0x00000000a3200000, 0x00000000a3200000| Untracked 
| 563|0x00000000a3300000, 0x00000000a3300000, 0x00000000a3400000|  0%| F|  |TAMS 0x00000000a3300000, 0x00000000a3300000| Untracked 
| 564|0x00000000a3400000, 0x00000000a3400000, 0x00000000a3500000|  0%| F|  |TAMS 0x00000000a3400000, 0x00000000a3400000| Untracked 
| 565|0x00000000a3500000, 0x00000000a3500000, 0x00000000a3600000|  0%| F|  |TAMS 0x00000000a3500000, 0x00000000a3500000| Untracked 
| 566|0x00000000a3600000, 0x00000000a3700000, 0x00000000a3700000|100%|HS|  |TAMS 0x00000000a3600000, 0x00000000a3600000| Complete 
| 567|0x00000000a3700000, 0x00000000a3800000, 0x00000000a3800000|100%|HC|  |TAMS 0x00000000a3700000, 0x00000000a3700000| Complete 
| 568|0x00000000a3800000, 0x00000000a3900000, 0x00000000a3900000|100%|HC|  |TAMS 0x00000000a3800000, 0x00000000a3800000| Complete 
| 569|0x00000000a3900000, 0x00000000a3900000, 0x00000000a3a00000|  0%| F|  |TAMS 0x00000000a3900000, 0x00000000a3900000| Untracked 
| 570|0x00000000a3a00000, 0x00000000a3b00000, 0x00000000a3b00000|100%|HS|  |TAMS 0x00000000a3a00000, 0x00000000a3a00000| Complete 
| 571|0x00000000a3b00000, 0x00000000a3b00000, 0x00000000a3c00000|  0%| F|  |TAMS 0x00000000a3b00000, 0x00000000a3b00000| Untracked 
| 572|0x00000000a3c00000, 0x00000000a3d00000, 0x00000000a3d00000|100%|HS|  |TAMS 0x00000000a3c00000, 0x00000000a3c00000| Complete 
| 573|0x00000000a3d00000, 0x00000000a3d00000, 0x00000000a3e00000|  0%| F|  |TAMS 0x00000000a3d00000, 0x00000000a3d00000| Untracked 
| 574|0x00000000a3e00000, 0x00000000a3e00000, 0x00000000a3f00000|  0%| F|  |TAMS 0x00000000a3e00000, 0x00000000a3e00000| Untracked 
| 575|0x00000000a3f00000, 0x00000000a3f00000, 0x00000000a4000000|  0%| F|  |TAMS 0x00000000a3f00000, 0x00000000a3f00000| Untracked 
| 576|0x00000000a4000000, 0x00000000a4000000, 0x00000000a4100000|  0%| F|  |TAMS 0x00000000a4000000, 0x00000000a4000000| Untracked 
| 577|0x00000000a4100000, 0x00000000a4100000, 0x00000000a4200000|  0%| F|  |TAMS 0x00000000a4100000, 0x00000000a4100000| Untracked 
| 578|0x00000000a4200000, 0x00000000a4200000, 0x00000000a4300000|  0%| F|  |TAMS 0x00000000a4200000, 0x00000000a4200000| Untracked 
| 579|0x00000000a4300000, 0x00000000a4300000, 0x00000000a4400000|  0%| F|  |TAMS 0x00000000a4300000, 0x00000000a4300000| Untracked 
| 580|0x00000000a4400000, 0x00000000a4400000, 0x00000000a4500000|  0%| F|  |TAMS 0x00000000a4400000, 0x00000000a4400000| Untracked 
| 581|0x00000000a4500000, 0x00000000a4500000, 0x00000000a4600000|  0%| F|  |TAMS 0x00000000a4500000, 0x00000000a4500000| Untracked 
| 582|0x00000000a4600000, 0x00000000a4600000, 0x00000000a4700000|  0%| F|  |TAMS 0x00000000a4600000, 0x00000000a4600000| Untracked 
| 583|0x00000000a4700000, 0x00000000a4700000, 0x00000000a4800000|  0%| F|  |TAMS 0x00000000a4700000, 0x00000000a4700000| Untracked 
| 584|0x00000000a4800000, 0x00000000a4800000, 0x00000000a4900000|  0%| F|  |TAMS 0x00000000a4800000, 0x00000000a4800000| Untracked 
| 585|0x00000000a4900000, 0x00000000a4900000, 0x00000000a4a00000|  0%| F|  |TAMS 0x00000000a4900000, 0x00000000a4900000| Untracked 
| 586|0x00000000a4a00000, 0x00000000a4a00000, 0x00000000a4b00000|  0%| F|  |TAMS 0x00000000a4a00000, 0x00000000a4a00000| Untracked 
| 587|0x00000000a4b00000, 0x00000000a4b00000, 0x00000000a4c00000|  0%| F|  |TAMS 0x00000000a4b00000, 0x00000000a4b00000| Untracked 
| 588|0x00000000a4c00000, 0x00000000a4c00000, 0x00000000a4d00000|  0%| F|  |TAMS 0x00000000a4c00000, 0x00000000a4c00000| Untracked 
| 589|0x00000000a4d00000, 0x00000000a4d00000, 0x00000000a4e00000|  0%| F|  |TAMS 0x00000000a4d00000, 0x00000000a4d00000| Untracked 
| 590|0x00000000a4e00000, 0x00000000a4e00000, 0x00000000a4f00000|  0%| F|  |TAMS 0x00000000a4e00000, 0x00000000a4e00000| Untracked 
| 591|0x00000000a4f00000, 0x00000000a4f00000, 0x00000000a5000000|  0%| F|  |TAMS 0x00000000a4f00000, 0x00000000a4f00000| Untracked 
| 592|0x00000000a5000000, 0x00000000a5000000, 0x00000000a5100000|  0%| F|  |TAMS 0x00000000a5000000, 0x00000000a5000000| Untracked 
| 593|0x00000000a5100000, 0x00000000a5100000, 0x00000000a5200000|  0%| F|  |TAMS 0x00000000a5100000, 0x00000000a5100000| Untracked 
| 594|0x00000000a5200000, 0x00000000a5200000, 0x00000000a5300000|  0%| F|  |TAMS 0x00000000a5200000, 0x00000000a5200000| Untracked 
| 595|0x00000000a5300000, 0x00000000a5300000, 0x00000000a5400000|  0%| F|  |TAMS 0x00000000a5300000, 0x00000000a5300000| Untracked 
| 596|0x00000000a5400000, 0x00000000a5400000, 0x00000000a5500000|  0%| F|  |TAMS 0x00000000a5400000, 0x00000000a5400000| Untracked 
| 597|0x00000000a5500000, 0x00000000a5500000, 0x00000000a5600000|  0%| F|  |TAMS 0x00000000a5500000, 0x00000000a5500000| Untracked 
| 598|0x00000000a5600000, 0x00000000a5600000, 0x00000000a5700000|  0%| F|  |TAMS 0x00000000a5600000, 0x00000000a5600000| Untracked 
| 599|0x00000000a5700000, 0x00000000a5700000, 0x00000000a5800000|  0%| F|  |TAMS 0x00000000a5700000, 0x00000000a5700000| Untracked 
| 600|0x00000000a5800000, 0x00000000a5800000, 0x00000000a5900000|  0%| F|  |TAMS 0x00000000a5800000, 0x00000000a5800000| Untracked 
| 601|0x00000000a5900000, 0x00000000a5900000, 0x00000000a5a00000|  0%| F|  |TAMS 0x00000000a5900000, 0x00000000a5900000| Untracked 
| 602|0x00000000a5a00000, 0x00000000a5a00000, 0x00000000a5b00000|  0%| F|  |TAMS 0x00000000a5a00000, 0x00000000a5a00000| Untracked 
| 603|0x00000000a5b00000, 0x00000000a5b00000, 0x00000000a5c00000|  0%| F|  |TAMS 0x00000000a5b00000, 0x00000000a5b00000| Untracked 
| 604|0x00000000a5c00000, 0x00000000a5c00000, 0x00000000a5d00000|  0%| F|  |TAMS 0x00000000a5c00000, 0x00000000a5c00000| Untracked 
| 605|0x00000000a5d00000, 0x00000000a5d00000, 0x00000000a5e00000|  0%| F|  |TAMS 0x00000000a5d00000, 0x00000000a5d00000| Untracked 
| 606|0x00000000a5e00000, 0x00000000a5e00000, 0x00000000a5f00000|  0%| F|  |TAMS 0x00000000a5e00000, 0x00000000a5e00000| Untracked 
| 607|0x00000000a5f00000, 0x00000000a5f00000, 0x00000000a6000000|  0%| F|  |TAMS 0x00000000a5f00000, 0x00000000a5f00000| Untracked 
| 608|0x00000000a6000000, 0x00000000a6000000, 0x00000000a6100000|  0%| F|  |TAMS 0x00000000a6000000, 0x00000000a6000000| Untracked 
| 609|0x00000000a6100000, 0x00000000a6100000, 0x00000000a6200000|  0%| F|  |TAMS 0x00000000a6100000, 0x00000000a6100000| Untracked 
| 610|0x00000000a6200000, 0x00000000a6200000, 0x00000000a6300000|  0%| F|  |TAMS 0x00000000a6200000, 0x00000000a6200000| Untracked 
| 611|0x00000000a6300000, 0x00000000a6300000, 0x00000000a6400000|  0%| F|  |TAMS 0x00000000a6300000, 0x00000000a6300000| Untracked 
| 612|0x00000000a6400000, 0x00000000a6400000, 0x00000000a6500000|  0%| F|  |TAMS 0x00000000a6400000, 0x00000000a6400000| Untracked 
| 613|0x00000000a6500000, 0x00000000a6500000, 0x00000000a6600000|  0%| F|  |TAMS 0x00000000a6500000, 0x00000000a6500000| Untracked 
| 614|0x00000000a6600000, 0x00000000a6600000, 0x00000000a6700000|  0%| F|  |TAMS 0x00000000a6600000, 0x00000000a6600000| Untracked 
| 615|0x00000000a6700000, 0x00000000a6700000, 0x00000000a6800000|  0%| F|  |TAMS 0x00000000a6700000, 0x00000000a6700000| Untracked 
| 616|0x00000000a6800000, 0x00000000a6800000, 0x00000000a6900000|  0%| F|  |TAMS 0x00000000a6800000, 0x00000000a6800000| Untracked 
| 617|0x00000000a6900000, 0x00000000a6900000, 0x00000000a6a00000|  0%| F|  |TAMS 0x00000000a6900000, 0x00000000a6900000| Untracked 
| 618|0x00000000a6a00000, 0x00000000a6a00000, 0x00000000a6b00000|  0%| F|  |TAMS 0x00000000a6a00000, 0x00000000a6a00000| Untracked 
| 619|0x00000000a6b00000, 0x00000000a6b00000, 0x00000000a6c00000|  0%| F|  |TAMS 0x00000000a6b00000, 0x00000000a6b00000| Untracked 
| 620|0x00000000a6c00000, 0x00000000a6c00000, 0x00000000a6d00000|  0%| F|  |TAMS 0x00000000a6c00000, 0x00000000a6c00000| Untracked 
| 621|0x00000000a6d00000, 0x00000000a6d00000, 0x00000000a6e00000|  0%| F|  |TAMS 0x00000000a6d00000, 0x00000000a6d00000| Untracked 
| 622|0x00000000a6e00000, 0x00000000a6e00000, 0x00000000a6f00000|  0%| F|  |TAMS 0x00000000a6e00000, 0x00000000a6e00000| Untracked 
| 623|0x00000000a6f00000, 0x00000000a6f00000, 0x00000000a7000000|  0%| F|  |TAMS 0x00000000a6f00000, 0x00000000a6f00000| Untracked 
| 624|0x00000000a7000000, 0x00000000a7000000, 0x00000000a7100000|  0%| F|  |TAMS 0x00000000a7000000, 0x00000000a7000000| Untracked 
| 625|0x00000000a7100000, 0x00000000a7100000, 0x00000000a7200000|  0%| F|  |TAMS 0x00000000a7100000, 0x00000000a7100000| Untracked 
| 626|0x00000000a7200000, 0x00000000a7200000, 0x00000000a7300000|  0%| F|  |TAMS 0x00000000a7200000, 0x00000000a7200000| Untracked 
| 627|0x00000000a7300000, 0x00000000a7300000, 0x00000000a7400000|  0%| F|  |TAMS 0x00000000a7300000, 0x00000000a7300000| Untracked 
| 628|0x00000000a7400000, 0x00000000a7400000, 0x00000000a7500000|  0%| F|  |TAMS 0x00000000a7400000, 0x00000000a7400000| Untracked 
| 629|0x00000000a7500000, 0x00000000a7500000, 0x00000000a7600000|  0%| F|  |TAMS 0x00000000a7500000, 0x00000000a7500000| Untracked 
| 630|0x00000000a7600000, 0x00000000a7600000, 0x00000000a7700000|  0%| F|  |TAMS 0x00000000a7600000, 0x00000000a7600000| Untracked 
| 631|0x00000000a7700000, 0x00000000a7700000, 0x00000000a7800000|  0%| F|  |TAMS 0x00000000a7700000, 0x00000000a7700000| Untracked 
| 632|0x00000000a7800000, 0x00000000a7800000, 0x00000000a7900000|  0%| F|  |TAMS 0x00000000a7800000, 0x00000000a7800000| Untracked 
| 633|0x00000000a7900000, 0x00000000a7900000, 0x00000000a7a00000|  0%| F|  |TAMS 0x00000000a7900000, 0x00000000a7900000| Untracked 
| 634|0x00000000a7a00000, 0x00000000a7a00000, 0x00000000a7b00000|  0%| F|  |TAMS 0x00000000a7a00000, 0x00000000a7a00000| Untracked 
| 635|0x00000000a7b00000, 0x00000000a7b00000, 0x00000000a7c00000|  0%| F|  |TAMS 0x00000000a7b00000, 0x00000000a7b00000| Untracked 
| 636|0x00000000a7c00000, 0x00000000a7c00000, 0x00000000a7d00000|  0%| F|  |TAMS 0x00000000a7c00000, 0x00000000a7c00000| Untracked 
| 637|0x00000000a7d00000, 0x00000000a7d00000, 0x00000000a7e00000|  0%| F|  |TAMS 0x00000000a7d00000, 0x00000000a7d00000| Untracked 
| 638|0x00000000a7e00000, 0x00000000a7e00000, 0x00000000a7f00000|  0%| F|  |TAMS 0x00000000a7e00000, 0x00000000a7e00000| Untracked 
| 639|0x00000000a7f00000, 0x00000000a7f00000, 0x00000000a8000000|  0%| F|  |TAMS 0x00000000a7f00000, 0x00000000a7f00000| Untracked 
| 640|0x00000000a8000000, 0x00000000a8000000, 0x00000000a8100000|  0%| F|  |TAMS 0x00000000a8000000, 0x00000000a8000000| Untracked 
| 641|0x00000000a8100000, 0x00000000a8100000, 0x00000000a8200000|  0%| F|  |TAMS 0x00000000a8100000, 0x00000000a8100000| Untracked 
| 642|0x00000000a8200000, 0x00000000a8200000, 0x00000000a8300000|  0%| F|  |TAMS 0x00000000a8200000, 0x00000000a8200000| Untracked 
| 643|0x00000000a8300000, 0x00000000a8300000, 0x00000000a8400000|  0%| F|  |TAMS 0x00000000a8300000, 0x00000000a8300000| Untracked 
| 644|0x00000000a8400000, 0x00000000a8400000, 0x00000000a8500000|  0%| F|  |TAMS 0x00000000a8400000, 0x00000000a8400000| Untracked 
| 645|0x00000000a8500000, 0x00000000a8500000, 0x00000000a8600000|  0%| F|  |TAMS 0x00000000a8500000, 0x00000000a8500000| Untracked 
| 646|0x00000000a8600000, 0x00000000a8600000, 0x00000000a8700000|  0%| F|  |TAMS 0x00000000a8600000, 0x00000000a8600000| Untracked 
| 647|0x00000000a8700000, 0x00000000a8700000, 0x00000000a8800000|  0%| F|  |TAMS 0x00000000a8700000, 0x00000000a8700000| Untracked 
| 648|0x00000000a8800000, 0x00000000a8800000, 0x00000000a8900000|  0%| F|  |TAMS 0x00000000a8800000, 0x00000000a8800000| Untracked 
| 649|0x00000000a8900000, 0x00000000a8900000, 0x00000000a8a00000|  0%| F|  |TAMS 0x00000000a8900000, 0x00000000a8900000| Untracked 
| 650|0x00000000a8a00000, 0x00000000a8a00000, 0x00000000a8b00000|  0%| F|  |TAMS 0x00000000a8a00000, 0x00000000a8a00000| Untracked 
| 651|0x00000000a8b00000, 0x00000000a8b00000, 0x00000000a8c00000|  0%| F|  |TAMS 0x00000000a8b00000, 0x00000000a8b00000| Untracked 
| 652|0x00000000a8c00000, 0x00000000a8c00000, 0x00000000a8d00000|  0%| F|  |TAMS 0x00000000a8c00000, 0x00000000a8c00000| Untracked 
| 653|0x00000000a8d00000, 0x00000000a8d00000, 0x00000000a8e00000|  0%| F|  |TAMS 0x00000000a8d00000, 0x00000000a8d00000| Untracked 
| 654|0x00000000a8e00000, 0x00000000a8e00000, 0x00000000a8f00000|  0%| F|  |TAMS 0x00000000a8e00000, 0x00000000a8e00000| Untracked 
| 655|0x00000000a8f00000, 0x00000000a8f00000, 0x00000000a9000000|  0%| F|  |TAMS 0x00000000a8f00000, 0x00000000a8f00000| Untracked 
| 656|0x00000000a9000000, 0x00000000a9000000, 0x00000000a9100000|  0%| F|  |TAMS 0x00000000a9000000, 0x00000000a9000000| Untracked 
| 657|0x00000000a9100000, 0x00000000a9100000, 0x00000000a9200000|  0%| F|  |TAMS 0x00000000a9100000, 0x00000000a9100000| Untracked 
| 658|0x00000000a9200000, 0x00000000a9200000, 0x00000000a9300000|  0%| F|  |TAMS 0x00000000a9200000, 0x00000000a9200000| Untracked 
| 659|0x00000000a9300000, 0x00000000a9300000, 0x00000000a9400000|  0%| F|  |TAMS 0x00000000a9300000, 0x00000000a9300000| Untracked 
| 660|0x00000000a9400000, 0x00000000a9400000, 0x00000000a9500000|  0%| F|  |TAMS 0x00000000a9400000, 0x00000000a9400000| Untracked 
| 661|0x00000000a9500000, 0x00000000a9500000, 0x00000000a9600000|  0%| F|  |TAMS 0x00000000a9500000, 0x00000000a9500000| Untracked 
| 662|0x00000000a9600000, 0x00000000a9600000, 0x00000000a9700000|  0%| F|  |TAMS 0x00000000a9600000, 0x00000000a9600000| Untracked 
| 663|0x00000000a9700000, 0x00000000a9700000, 0x00000000a9800000|  0%| F|  |TAMS 0x00000000a9700000, 0x00000000a9700000| Untracked 
| 664|0x00000000a9800000, 0x00000000a9800000, 0x00000000a9900000|  0%| F|  |TAMS 0x00000000a9800000, 0x00000000a9800000| Untracked 
| 665|0x00000000a9900000, 0x00000000a9900000, 0x00000000a9a00000|  0%| F|  |TAMS 0x00000000a9900000, 0x00000000a9900000| Untracked 
| 666|0x00000000a9a00000, 0x00000000a9a00000, 0x00000000a9b00000|  0%| F|  |TAMS 0x00000000a9a00000, 0x00000000a9a00000| Untracked 
| 667|0x00000000a9b00000, 0x00000000a9b00000, 0x00000000a9c00000|  0%| F|  |TAMS 0x00000000a9b00000, 0x00000000a9b00000| Untracked 
| 668|0x00000000a9c00000, 0x00000000a9c00000, 0x00000000a9d00000|  0%| F|  |TAMS 0x00000000a9c00000, 0x00000000a9c00000| Untracked 
| 669|0x00000000a9d00000, 0x00000000a9d00000, 0x00000000a9e00000|  0%| F|  |TAMS 0x00000000a9d00000, 0x00000000a9d00000| Untracked 
| 670|0x00000000a9e00000, 0x00000000a9e00000, 0x00000000a9f00000|  0%| F|  |TAMS 0x00000000a9e00000, 0x00000000a9e00000| Untracked 
| 671|0x00000000a9f00000, 0x00000000a9f00000, 0x00000000aa000000|  0%| F|  |TAMS 0x00000000a9f00000, 0x00000000a9f00000| Untracked 
| 672|0x00000000aa000000, 0x00000000aa000000, 0x00000000aa100000|  0%| F|  |TAMS 0x00000000aa000000, 0x00000000aa000000| Untracked 
| 673|0x00000000aa100000, 0x00000000aa100000, 0x00000000aa200000|  0%| F|  |TAMS 0x00000000aa100000, 0x00000000aa100000| Untracked 
| 674|0x00000000aa200000, 0x00000000aa200000, 0x00000000aa300000|  0%| F|  |TAMS 0x00000000aa200000, 0x00000000aa200000| Untracked 
| 675|0x00000000aa300000, 0x00000000aa300000, 0x00000000aa400000|  0%| F|  |TAMS 0x00000000aa300000, 0x00000000aa300000| Untracked 
| 676|0x00000000aa400000, 0x00000000aa400000, 0x00000000aa500000|  0%| F|  |TAMS 0x00000000aa400000, 0x00000000aa400000| Untracked 
| 677|0x00000000aa500000, 0x00000000aa500000, 0x00000000aa600000|  0%| F|  |TAMS 0x00000000aa500000, 0x00000000aa500000| Untracked 
| 678|0x00000000aa600000, 0x00000000aa600000, 0x00000000aa700000|  0%| F|  |TAMS 0x00000000aa600000, 0x00000000aa600000| Untracked 
| 679|0x00000000aa700000, 0x00000000aa700000, 0x00000000aa800000|  0%| F|  |TAMS 0x00000000aa700000, 0x00000000aa700000| Untracked 
| 680|0x00000000aa800000, 0x00000000aa800000, 0x00000000aa900000|  0%| F|  |TAMS 0x00000000aa800000, 0x00000000aa800000| Untracked 
| 681|0x00000000aa900000, 0x00000000aa900000, 0x00000000aaa00000|  0%| F|  |TAMS 0x00000000aa900000, 0x00000000aa900000| Untracked 
| 682|0x00000000aaa00000, 0x00000000aaa00000, 0x00000000aab00000|  0%| F|  |TAMS 0x00000000aaa00000, 0x00000000aaa00000| Untracked 
| 683|0x00000000aab00000, 0x00000000aab00000, 0x00000000aac00000|  0%| F|  |TAMS 0x00000000aab00000, 0x00000000aab00000| Untracked 
| 684|0x00000000aac00000, 0x00000000aac00000, 0x00000000aad00000|  0%| F|  |TAMS 0x00000000aac00000, 0x00000000aac00000| Untracked 
| 685|0x00000000aad00000, 0x00000000aad00000, 0x00000000aae00000|  0%| F|  |TAMS 0x00000000aad00000, 0x00000000aad00000| Untracked 
| 686|0x00000000aae00000, 0x00000000aae00000, 0x00000000aaf00000|  0%| F|  |TAMS 0x00000000aae00000, 0x00000000aae00000| Untracked 
| 687|0x00000000aaf00000, 0x00000000aaf00000, 0x00000000ab000000|  0%| F|  |TAMS 0x00000000aaf00000, 0x00000000aaf00000| Untracked 
| 688|0x00000000ab000000, 0x00000000ab000000, 0x00000000ab100000|  0%| F|  |TAMS 0x00000000ab000000, 0x00000000ab000000| Untracked 
| 689|0x00000000ab100000, 0x00000000ab100000, 0x00000000ab200000|  0%| F|  |TAMS 0x00000000ab100000, 0x00000000ab100000| Untracked 
| 690|0x00000000ab200000, 0x00000000ab200000, 0x00000000ab300000|  0%| F|  |TAMS 0x00000000ab200000, 0x00000000ab200000| Untracked 
| 691|0x00000000ab300000, 0x00000000ab300000, 0x00000000ab400000|  0%| F|  |TAMS 0x00000000ab300000, 0x00000000ab300000| Untracked 
| 692|0x00000000ab400000, 0x00000000ab400000, 0x00000000ab500000|  0%| F|  |TAMS 0x00000000ab400000, 0x00000000ab400000| Untracked 
| 693|0x00000000ab500000, 0x00000000ab500000, 0x00000000ab600000|  0%| F|  |TAMS 0x00000000ab500000, 0x00000000ab500000| Untracked 
| 694|0x00000000ab600000, 0x00000000ab600000, 0x00000000ab700000|  0%| F|  |TAMS 0x00000000ab600000, 0x00000000ab600000| Untracked 
| 695|0x00000000ab700000, 0x00000000ab700000, 0x00000000ab800000|  0%| F|  |TAMS 0x00000000ab700000, 0x00000000ab700000| Untracked 
| 696|0x00000000ab800000, 0x00000000ab800000, 0x00000000ab900000|  0%| F|  |TAMS 0x00000000ab800000, 0x00000000ab800000| Untracked 
| 697|0x00000000ab900000, 0x00000000ab900000, 0x00000000aba00000|  0%| F|  |TAMS 0x00000000ab900000, 0x00000000ab900000| Untracked 
| 698|0x00000000aba00000, 0x00000000aba00000, 0x00000000abb00000|  0%| F|  |TAMS 0x00000000aba00000, 0x00000000aba00000| Untracked 
| 699|0x00000000abb00000, 0x00000000abb00000, 0x00000000abc00000|  0%| F|  |TAMS 0x00000000abb00000, 0x00000000abb00000| Untracked 
| 700|0x00000000abc00000, 0x00000000abc00000, 0x00000000abd00000|  0%| F|  |TAMS 0x00000000abc00000, 0x00000000abc00000| Untracked 
| 701|0x00000000abd00000, 0x00000000abd00000, 0x00000000abe00000|  0%| F|  |TAMS 0x00000000abd00000, 0x00000000abd00000| Untracked 
| 702|0x00000000abe00000, 0x00000000abe00000, 0x00000000abf00000|  0%| F|  |TAMS 0x00000000abe00000, 0x00000000abe00000| Untracked 
| 703|0x00000000abf00000, 0x00000000abf00000, 0x00000000ac000000|  0%| F|  |TAMS 0x00000000abf00000, 0x00000000abf00000| Untracked 
| 704|0x00000000ac000000, 0x00000000ac000000, 0x00000000ac100000|  0%| F|  |TAMS 0x00000000ac000000, 0x00000000ac000000| Untracked 
| 705|0x00000000ac100000, 0x00000000ac100000, 0x00000000ac200000|  0%| F|  |TAMS 0x00000000ac100000, 0x00000000ac100000| Untracked 
| 706|0x00000000ac200000, 0x00000000ac200000, 0x00000000ac300000|  0%| F|  |TAMS 0x00000000ac200000, 0x00000000ac200000| Untracked 
| 707|0x00000000ac300000, 0x00000000ac300000, 0x00000000ac400000|  0%| F|  |TAMS 0x00000000ac300000, 0x00000000ac300000| Untracked 
| 708|0x00000000ac400000, 0x00000000ac400000, 0x00000000ac500000|  0%| F|  |TAMS 0x00000000ac400000, 0x00000000ac400000| Untracked 
| 709|0x00000000ac500000, 0x00000000ac500000, 0x00000000ac600000|  0%| F|  |TAMS 0x00000000ac500000, 0x00000000ac500000| Untracked 
| 710|0x00000000ac600000, 0x00000000ac600000, 0x00000000ac700000|  0%| F|  |TAMS 0x00000000ac600000, 0x00000000ac600000| Untracked 
| 711|0x00000000ac700000, 0x00000000ac700000, 0x00000000ac800000|  0%| F|  |TAMS 0x00000000ac700000, 0x00000000ac700000| Untracked 
| 712|0x00000000ac800000, 0x00000000ac800000, 0x00000000ac900000|  0%| F|  |TAMS 0x00000000ac800000, 0x00000000ac800000| Untracked 
| 713|0x00000000ac900000, 0x00000000ac900000, 0x00000000aca00000|  0%| F|  |TAMS 0x00000000ac900000, 0x00000000ac900000| Untracked 
| 714|0x00000000aca00000, 0x00000000aca00000, 0x00000000acb00000|  0%| F|  |TAMS 0x00000000aca00000, 0x00000000aca00000| Untracked 
| 715|0x00000000acb00000, 0x00000000acb00000, 0x00000000acc00000|  0%| F|  |TAMS 0x00000000acb00000, 0x00000000acb00000| Untracked 
| 716|0x00000000acc00000, 0x00000000acc00000, 0x00000000acd00000|  0%| F|  |TAMS 0x00000000acc00000, 0x00000000acc00000| Untracked 
| 717|0x00000000acd00000, 0x00000000acd00000, 0x00000000ace00000|  0%| F|  |TAMS 0x00000000acd00000, 0x00000000acd00000| Untracked 
| 718|0x00000000ace00000, 0x00000000ace00000, 0x00000000acf00000|  0%| F|  |TAMS 0x00000000ace00000, 0x00000000ace00000| Untracked 
| 719|0x00000000acf00000, 0x00000000acf00000, 0x00000000ad000000|  0%| F|  |TAMS 0x00000000acf00000, 0x00000000acf00000| Untracked 
| 720|0x00000000ad000000, 0x00000000ad000000, 0x00000000ad100000|  0%| F|  |TAMS 0x00000000ad000000, 0x00000000ad000000| Untracked 
| 721|0x00000000ad100000, 0x00000000ad100000, 0x00000000ad200000|  0%| F|  |TAMS 0x00000000ad100000, 0x00000000ad100000| Untracked 
| 722|0x00000000ad200000, 0x00000000ad200000, 0x00000000ad300000|  0%| F|  |TAMS 0x00000000ad200000, 0x00000000ad200000| Untracked 
| 723|0x00000000ad300000, 0x00000000ad300000, 0x00000000ad400000|  0%| F|  |TAMS 0x00000000ad300000, 0x00000000ad300000| Untracked 
| 724|0x00000000ad400000, 0x00000000ad400000, 0x00000000ad500000|  0%| F|  |TAMS 0x00000000ad400000, 0x00000000ad400000| Untracked 
| 725|0x00000000ad500000, 0x00000000ad500000, 0x00000000ad600000|  0%| F|  |TAMS 0x00000000ad500000, 0x00000000ad500000| Untracked 
| 726|0x00000000ad600000, 0x00000000ad600000, 0x00000000ad700000|  0%| F|  |TAMS 0x00000000ad600000, 0x00000000ad600000| Untracked 
| 727|0x00000000ad700000, 0x00000000ad700000, 0x00000000ad800000|  0%| F|  |TAMS 0x00000000ad700000, 0x00000000ad700000| Untracked 
| 728|0x00000000ad800000, 0x00000000ad800000, 0x00000000ad900000|  0%| F|  |TAMS 0x00000000ad800000, 0x00000000ad800000| Untracked 
| 729|0x00000000ad900000, 0x00000000ad900000, 0x00000000ada00000|  0%| F|  |TAMS 0x00000000ad900000, 0x00000000ad900000| Untracked 
| 730|0x00000000ada00000, 0x00000000ada00000, 0x00000000adb00000|  0%| F|  |TAMS 0x00000000ada00000, 0x00000000ada00000| Untracked 
| 731|0x00000000adb00000, 0x00000000adb00000, 0x00000000adc00000|  0%| F|  |TAMS 0x00000000adb00000, 0x00000000adb00000| Untracked 
| 732|0x00000000adc00000, 0x00000000adc00000, 0x00000000add00000|  0%| F|  |TAMS 0x00000000adc00000, 0x00000000adc00000| Untracked 
| 733|0x00000000add00000, 0x00000000add00000, 0x00000000ade00000|  0%| F|  |TAMS 0x00000000add00000, 0x00000000add00000| Untracked 
| 734|0x00000000ade00000, 0x00000000ade00000, 0x00000000adf00000|  0%| F|  |TAMS 0x00000000ade00000, 0x00000000ade00000| Untracked 
| 735|0x00000000adf00000, 0x00000000adf00000, 0x00000000ae000000|  0%| F|  |TAMS 0x00000000adf00000, 0x00000000adf00000| Untracked 
| 736|0x00000000ae000000, 0x00000000ae000000, 0x00000000ae100000|  0%| F|  |TAMS 0x00000000ae000000, 0x00000000ae000000| Untracked 
| 737|0x00000000ae100000, 0x00000000ae100000, 0x00000000ae200000|  0%| F|  |TAMS 0x00000000ae100000, 0x00000000ae100000| Untracked 
| 738|0x00000000ae200000, 0x00000000ae200000, 0x00000000ae300000|  0%| F|  |TAMS 0x00000000ae200000, 0x00000000ae200000| Untracked 
| 739|0x00000000ae300000, 0x00000000ae300000, 0x00000000ae400000|  0%| F|  |TAMS 0x00000000ae300000, 0x00000000ae300000| Untracked 
| 740|0x00000000ae400000, 0x00000000ae400000, 0x00000000ae500000|  0%| F|  |TAMS 0x00000000ae400000, 0x00000000ae400000| Untracked 
| 741|0x00000000ae500000, 0x00000000ae500000, 0x00000000ae600000|  0%| F|  |TAMS 0x00000000ae500000, 0x00000000ae500000| Untracked 
| 742|0x00000000ae600000, 0x00000000ae600000, 0x00000000ae700000|  0%| F|  |TAMS 0x00000000ae600000, 0x00000000ae600000| Untracked 
| 743|0x00000000ae700000, 0x00000000ae700000, 0x00000000ae800000|  0%| F|  |TAMS 0x00000000ae700000, 0x00000000ae700000| Untracked 
| 744|0x00000000ae800000, 0x00000000ae800000, 0x00000000ae900000|  0%| F|  |TAMS 0x00000000ae800000, 0x00000000ae800000| Untracked 
| 745|0x00000000ae900000, 0x00000000ae900000, 0x00000000aea00000|  0%| F|  |TAMS 0x00000000ae900000, 0x00000000ae900000| Untracked 
| 746|0x00000000aea00000, 0x00000000aea00000, 0x00000000aeb00000|  0%| F|  |TAMS 0x00000000aea00000, 0x00000000aea00000| Untracked 
| 747|0x00000000aeb00000, 0x00000000aeb00000, 0x00000000aec00000|  0%| F|  |TAMS 0x00000000aeb00000, 0x00000000aeb00000| Untracked 
| 748|0x00000000aec00000, 0x00000000aec00000, 0x00000000aed00000|  0%| F|  |TAMS 0x00000000aec00000, 0x00000000aec00000| Untracked 
| 749|0x00000000aed00000, 0x00000000aed00000, 0x00000000aee00000|  0%| F|  |TAMS 0x00000000aed00000, 0x00000000aed00000| Untracked 
| 750|0x00000000aee00000, 0x00000000aee00000, 0x00000000aef00000|  0%| F|  |TAMS 0x00000000aee00000, 0x00000000aee00000| Untracked 
| 751|0x00000000aef00000, 0x00000000aef00000, 0x00000000af000000|  0%| F|  |TAMS 0x00000000aef00000, 0x00000000aef00000| Untracked 
| 752|0x00000000af000000, 0x00000000af000000, 0x00000000af100000|  0%| F|  |TAMS 0x00000000af000000, 0x00000000af000000| Untracked 
| 753|0x00000000af100000, 0x00000000af100000, 0x00000000af200000|  0%| F|  |TAMS 0x00000000af100000, 0x00000000af100000| Untracked 
| 754|0x00000000af200000, 0x00000000af200000, 0x00000000af300000|  0%| F|  |TAMS 0x00000000af200000, 0x00000000af200000| Untracked 
| 755|0x00000000af300000, 0x00000000af300000, 0x00000000af400000|  0%| F|  |TAMS 0x00000000af300000, 0x00000000af300000| Untracked 
| 756|0x00000000af400000, 0x00000000af400000, 0x00000000af500000|  0%| F|  |TAMS 0x00000000af400000, 0x00000000af400000| Untracked 
| 757|0x00000000af500000, 0x00000000af500000, 0x00000000af600000|  0%| F|  |TAMS 0x00000000af500000, 0x00000000af500000| Untracked 
| 758|0x00000000af600000, 0x00000000af600000, 0x00000000af700000|  0%| F|  |TAMS 0x00000000af600000, 0x00000000af600000| Untracked 
| 759|0x00000000af700000, 0x00000000af700000, 0x00000000af800000|  0%| F|  |TAMS 0x00000000af700000, 0x00000000af700000| Untracked 
| 760|0x00000000af800000, 0x00000000af800000, 0x00000000af900000|  0%| F|  |TAMS 0x00000000af800000, 0x00000000af800000| Untracked 
| 761|0x00000000af900000, 0x00000000af900000, 0x00000000afa00000|  0%| F|  |TAMS 0x00000000af900000, 0x00000000af900000| Untracked 
| 762|0x00000000afa00000, 0x00000000afa00000, 0x00000000afb00000|  0%| F|  |TAMS 0x00000000afa00000, 0x00000000afa00000| Untracked 
| 763|0x00000000afb00000, 0x00000000afb00000, 0x00000000afc00000|  0%| F|  |TAMS 0x00000000afb00000, 0x00000000afb00000| Untracked 
| 764|0x00000000afc00000, 0x00000000afc00000, 0x00000000afd00000|  0%| F|  |TAMS 0x00000000afc00000, 0x00000000afc00000| Untracked 
| 765|0x00000000afd00000, 0x00000000afd00000, 0x00000000afe00000|  0%| F|  |TAMS 0x00000000afd00000, 0x00000000afd00000| Untracked 
| 766|0x00000000afe00000, 0x00000000afe00000, 0x00000000aff00000|  0%| F|  |TAMS 0x00000000afe00000, 0x00000000afe00000| Untracked 
| 767|0x00000000aff00000, 0x00000000aff00000, 0x00000000b0000000|  0%| F|  |TAMS 0x00000000aff00000, 0x00000000aff00000| Untracked 
| 768|0x00000000b0000000, 0x00000000b0000000, 0x00000000b0100000|  0%| F|  |TAMS 0x00000000b0000000, 0x00000000b0000000| Untracked 
| 769|0x00000000b0100000, 0x00000000b0100000, 0x00000000b0200000|  0%| F|  |TAMS 0x00000000b0100000, 0x00000000b0100000| Untracked 
| 770|0x00000000b0200000, 0x00000000b0200000, 0x00000000b0300000|  0%| F|  |TAMS 0x00000000b0200000, 0x00000000b0200000| Untracked 
| 771|0x00000000b0300000, 0x00000000b0300000, 0x00000000b0400000|  0%| F|  |TAMS 0x00000000b0300000, 0x00000000b0300000| Untracked 
| 772|0x00000000b0400000, 0x00000000b0400000, 0x00000000b0500000|  0%| F|  |TAMS 0x00000000b0400000, 0x00000000b0400000| Untracked 
| 773|0x00000000b0500000, 0x00000000b0500000, 0x00000000b0600000|  0%| F|  |TAMS 0x00000000b0500000, 0x00000000b0500000| Untracked 
| 774|0x00000000b0600000, 0x00000000b0600000, 0x00000000b0700000|  0%| F|  |TAMS 0x00000000b0600000, 0x00000000b0600000| Untracked 
| 775|0x00000000b0700000, 0x00000000b0700000, 0x00000000b0800000|  0%| F|  |TAMS 0x00000000b0700000, 0x00000000b0700000| Untracked 
| 776|0x00000000b0800000, 0x00000000b0800000, 0x00000000b0900000|  0%| F|  |TAMS 0x00000000b0800000, 0x00000000b0800000| Untracked 
| 777|0x00000000b0900000, 0x00000000b0900000, 0x00000000b0a00000|  0%| F|  |TAMS 0x00000000b0900000, 0x00000000b0900000| Untracked 
| 778|0x00000000b0a00000, 0x00000000b0a00000, 0x00000000b0b00000|  0%| F|  |TAMS 0x00000000b0a00000, 0x00000000b0a00000| Untracked 
| 779|0x00000000b0b00000, 0x00000000b0b00000, 0x00000000b0c00000|  0%| F|  |TAMS 0x00000000b0b00000, 0x00000000b0b00000| Untracked 
| 780|0x00000000b0c00000, 0x00000000b0c00000, 0x00000000b0d00000|  0%| F|  |TAMS 0x00000000b0c00000, 0x00000000b0c00000| Untracked 
| 781|0x00000000b0d00000, 0x00000000b0d00000, 0x00000000b0e00000|  0%| F|  |TAMS 0x00000000b0d00000, 0x00000000b0d00000| Untracked 
| 782|0x00000000b0e00000, 0x00000000b0e00000, 0x00000000b0f00000|  0%| F|  |TAMS 0x00000000b0e00000, 0x00000000b0e00000| Untracked 
| 783|0x00000000b0f00000, 0x00000000b0f00000, 0x00000000b1000000|  0%| F|  |TAMS 0x00000000b0f00000, 0x00000000b0f00000| Untracked 
| 784|0x00000000b1000000, 0x00000000b1000000, 0x00000000b1100000|  0%| F|  |TAMS 0x00000000b1000000, 0x00000000b1000000| Untracked 
| 785|0x00000000b1100000, 0x00000000b1100000, 0x00000000b1200000|  0%| F|  |TAMS 0x00000000b1100000, 0x00000000b1100000| Untracked 
| 786|0x00000000b1200000, 0x00000000b1200000, 0x00000000b1300000|  0%| F|  |TAMS 0x00000000b1200000, 0x00000000b1200000| Untracked 
| 787|0x00000000b1300000, 0x00000000b1300000, 0x00000000b1400000|  0%| F|  |TAMS 0x00000000b1300000, 0x00000000b1300000| Untracked 
| 788|0x00000000b1400000, 0x00000000b1400000, 0x00000000b1500000|  0%| F|  |TAMS 0x00000000b1400000, 0x00000000b1400000| Untracked 
| 789|0x00000000b1500000, 0x00000000b1500000, 0x00000000b1600000|  0%| F|  |TAMS 0x00000000b1500000, 0x00000000b1500000| Untracked 
| 790|0x00000000b1600000, 0x00000000b1600000, 0x00000000b1700000|  0%| F|  |TAMS 0x00000000b1600000, 0x00000000b1600000| Untracked 
| 791|0x00000000b1700000, 0x00000000b1700000, 0x00000000b1800000|  0%| F|  |TAMS 0x00000000b1700000, 0x00000000b1700000| Untracked 
| 792|0x00000000b1800000, 0x00000000b1800000, 0x00000000b1900000|  0%| F|  |TAMS 0x00000000b1800000, 0x00000000b1800000| Untracked 
| 793|0x00000000b1900000, 0x00000000b1900000, 0x00000000b1a00000|  0%| F|  |TAMS 0x00000000b1900000, 0x00000000b1900000| Untracked 
| 794|0x00000000b1a00000, 0x00000000b1a00000, 0x00000000b1b00000|  0%| F|  |TAMS 0x00000000b1a00000, 0x00000000b1a00000| Untracked 
| 795|0x00000000b1b00000, 0x00000000b1b00000, 0x00000000b1c00000|  0%| F|  |TAMS 0x00000000b1b00000, 0x00000000b1b00000| Untracked 
| 796|0x00000000b1c00000, 0x00000000b1c00000, 0x00000000b1d00000|  0%| F|  |TAMS 0x00000000b1c00000, 0x00000000b1c00000| Untracked 
| 797|0x00000000b1d00000, 0x00000000b1d00000, 0x00000000b1e00000|  0%| F|  |TAMS 0x00000000b1d00000, 0x00000000b1d00000| Untracked 
| 798|0x00000000b1e00000, 0x00000000b1e00000, 0x00000000b1f00000|  0%| F|  |TAMS 0x00000000b1e00000, 0x00000000b1e00000| Untracked 
| 799|0x00000000b1f00000, 0x00000000b1f00000, 0x00000000b2000000|  0%| F|  |TAMS 0x00000000b1f00000, 0x00000000b1f00000| Untracked 
| 800|0x00000000b2000000, 0x00000000b2000000, 0x00000000b2100000|  0%| F|  |TAMS 0x00000000b2000000, 0x00000000b2000000| Untracked 
| 801|0x00000000b2100000, 0x00000000b2100000, 0x00000000b2200000|  0%| F|  |TAMS 0x00000000b2100000, 0x00000000b2100000| Untracked 
| 802|0x00000000b2200000, 0x00000000b2200000, 0x00000000b2300000|  0%| F|  |TAMS 0x00000000b2200000, 0x00000000b2200000| Untracked 
| 803|0x00000000b2300000, 0x00000000b2300000, 0x00000000b2400000|  0%| F|  |TAMS 0x00000000b2300000, 0x00000000b2300000| Untracked 
| 804|0x00000000b2400000, 0x00000000b2400000, 0x00000000b2500000|  0%| F|  |TAMS 0x00000000b2400000, 0x00000000b2400000| Untracked 
| 805|0x00000000b2500000, 0x00000000b2500000, 0x00000000b2600000|  0%| F|  |TAMS 0x00000000b2500000, 0x00000000b2500000| Untracked 
| 806|0x00000000b2600000, 0x00000000b2600000, 0x00000000b2700000|  0%| F|  |TAMS 0x00000000b2600000, 0x00000000b2600000| Untracked 
| 807|0x00000000b2700000, 0x00000000b2700000, 0x00000000b2800000|  0%| F|  |TAMS 0x00000000b2700000, 0x00000000b2700000| Untracked 
| 808|0x00000000b2800000, 0x00000000b2800000, 0x00000000b2900000|  0%| F|  |TAMS 0x00000000b2800000, 0x00000000b2800000| Untracked 
| 809|0x00000000b2900000, 0x00000000b2900000, 0x00000000b2a00000|  0%| F|  |TAMS 0x00000000b2900000, 0x00000000b2900000| Untracked 
| 810|0x00000000b2a00000, 0x00000000b2a00000, 0x00000000b2b00000|  0%| F|  |TAMS 0x00000000b2a00000, 0x00000000b2a00000| Untracked 
| 811|0x00000000b2b00000, 0x00000000b2b00000, 0x00000000b2c00000|  0%| F|  |TAMS 0x00000000b2b00000, 0x00000000b2b00000| Untracked 
| 812|0x00000000b2c00000, 0x00000000b2c00000, 0x00000000b2d00000|  0%| F|  |TAMS 0x00000000b2c00000, 0x00000000b2c00000| Untracked 
| 813|0x00000000b2d00000, 0x00000000b2d00000, 0x00000000b2e00000|  0%| F|  |TAMS 0x00000000b2d00000, 0x00000000b2d00000| Untracked 
| 814|0x00000000b2e00000, 0x00000000b2e00000, 0x00000000b2f00000|  0%| F|  |TAMS 0x00000000b2e00000, 0x00000000b2e00000| Untracked 
| 815|0x00000000b2f00000, 0x00000000b2f00000, 0x00000000b3000000|  0%| F|  |TAMS 0x00000000b2f00000, 0x00000000b2f00000| Untracked 
| 816|0x00000000b3000000, 0x00000000b3000000, 0x00000000b3100000|  0%| F|  |TAMS 0x00000000b3000000, 0x00000000b3000000| Untracked 
| 817|0x00000000b3100000, 0x00000000b3100000, 0x00000000b3200000|  0%| F|  |TAMS 0x00000000b3100000, 0x00000000b3100000| Untracked 
| 818|0x00000000b3200000, 0x00000000b3200000, 0x00000000b3300000|  0%| F|  |TAMS 0x00000000b3200000, 0x00000000b3200000| Untracked 
| 819|0x00000000b3300000, 0x00000000b3300000, 0x00000000b3400000|  0%| F|  |TAMS 0x00000000b3300000, 0x00000000b3300000| Untracked 
| 820|0x00000000b3400000, 0x00000000b3400000, 0x00000000b3500000|  0%| F|  |TAMS 0x00000000b3400000, 0x00000000b3400000| Untracked 
| 821|0x00000000b3500000, 0x00000000b3500000, 0x00000000b3600000|  0%| F|  |TAMS 0x00000000b3500000, 0x00000000b3500000| Untracked 
| 822|0x00000000b3600000, 0x00000000b3600000, 0x00000000b3700000|  0%| F|  |TAMS 0x00000000b3600000, 0x00000000b3600000| Untracked 
| 823|0x00000000b3700000, 0x00000000b3700000, 0x00000000b3800000|  0%| F|  |TAMS 0x00000000b3700000, 0x00000000b3700000| Untracked 
| 824|0x00000000b3800000, 0x00000000b3800000, 0x00000000b3900000|  0%| F|  |TAMS 0x00000000b3800000, 0x00000000b3800000| Untracked 
| 825|0x00000000b3900000, 0x00000000b3900000, 0x00000000b3a00000|  0%| F|  |TAMS 0x00000000b3900000, 0x00000000b3900000| Untracked 
| 826|0x00000000b3a00000, 0x00000000b3a00000, 0x00000000b3b00000|  0%| F|  |TAMS 0x00000000b3a00000, 0x00000000b3a00000| Untracked 
| 827|0x00000000b3b00000, 0x00000000b3b00000, 0x00000000b3c00000|  0%| F|  |TAMS 0x00000000b3b00000, 0x00000000b3b00000| Untracked 
| 828|0x00000000b3c00000, 0x00000000b3c00000, 0x00000000b3d00000|  0%| F|  |TAMS 0x00000000b3c00000, 0x00000000b3c00000| Untracked 
| 829|0x00000000b3d00000, 0x00000000b3d00000, 0x00000000b3e00000|  0%| F|  |TAMS 0x00000000b3d00000, 0x00000000b3d00000| Untracked 
| 830|0x00000000b3e00000, 0x00000000b3e00000, 0x00000000b3f00000|  0%| F|  |TAMS 0x00000000b3e00000, 0x00000000b3e00000| Untracked 
| 831|0x00000000b3f00000, 0x00000000b3f00000, 0x00000000b4000000|  0%| F|  |TAMS 0x00000000b3f00000, 0x00000000b3f00000| Untracked 
| 832|0x00000000b4000000, 0x00000000b4000000, 0x00000000b4100000|  0%| F|  |TAMS 0x00000000b4000000, 0x00000000b4000000| Untracked 
| 833|0x00000000b4100000, 0x00000000b4100000, 0x00000000b4200000|  0%| F|  |TAMS 0x00000000b4100000, 0x00000000b4100000| Untracked 
| 834|0x00000000b4200000, 0x00000000b4200000, 0x00000000b4300000|  0%| F|  |TAMS 0x00000000b4200000, 0x00000000b4200000| Untracked 
| 835|0x00000000b4300000, 0x00000000b4300000, 0x00000000b4400000|  0%| F|  |TAMS 0x00000000b4300000, 0x00000000b4300000| Untracked 
| 836|0x00000000b4400000, 0x00000000b4400000, 0x00000000b4500000|  0%| F|  |TAMS 0x00000000b4400000, 0x00000000b4400000| Untracked 
| 837|0x00000000b4500000, 0x00000000b4500000, 0x00000000b4600000|  0%| F|  |TAMS 0x00000000b4500000, 0x00000000b4500000| Untracked 
| 838|0x00000000b4600000, 0x00000000b4600000, 0x00000000b4700000|  0%| F|  |TAMS 0x00000000b4600000, 0x00000000b4600000| Untracked 
| 839|0x00000000b4700000, 0x00000000b4700000, 0x00000000b4800000|  0%| F|  |TAMS 0x00000000b4700000, 0x00000000b4700000| Untracked 
| 840|0x00000000b4800000, 0x00000000b4800000, 0x00000000b4900000|  0%| F|  |TAMS 0x00000000b4800000, 0x00000000b4800000| Untracked 
| 841|0x00000000b4900000, 0x00000000b4900000, 0x00000000b4a00000|  0%| F|  |TAMS 0x00000000b4900000, 0x00000000b4900000| Untracked 
| 842|0x00000000b4a00000, 0x00000000b4a00000, 0x00000000b4b00000|  0%| F|  |TAMS 0x00000000b4a00000, 0x00000000b4a00000| Untracked 
| 843|0x00000000b4b00000, 0x00000000b4b00000, 0x00000000b4c00000|  0%| F|  |TAMS 0x00000000b4b00000, 0x00000000b4b00000| Untracked 
| 844|0x00000000b4c00000, 0x00000000b4c00000, 0x00000000b4d00000|  0%| F|  |TAMS 0x00000000b4c00000, 0x00000000b4c00000| Untracked 
| 845|0x00000000b4d00000, 0x00000000b4d00000, 0x00000000b4e00000|  0%| F|  |TAMS 0x00000000b4d00000, 0x00000000b4d00000| Untracked 
| 846|0x00000000b4e00000, 0x00000000b4e00000, 0x00000000b4f00000|  0%| F|  |TAMS 0x00000000b4e00000, 0x00000000b4e00000| Untracked 
| 847|0x00000000b4f00000, 0x00000000b4f00000, 0x00000000b5000000|  0%| F|  |TAMS 0x00000000b4f00000, 0x00000000b4f00000| Untracked 
| 848|0x00000000b5000000, 0x00000000b5000000, 0x00000000b5100000|  0%| F|  |TAMS 0x00000000b5000000, 0x00000000b5000000| Untracked 
| 849|0x00000000b5100000, 0x00000000b5100000, 0x00000000b5200000|  0%| F|  |TAMS 0x00000000b5100000, 0x00000000b5100000| Untracked 
| 850|0x00000000b5200000, 0x00000000b5200000, 0x00000000b5300000|  0%| F|  |TAMS 0x00000000b5200000, 0x00000000b5200000| Untracked 
| 851|0x00000000b5300000, 0x00000000b5300000, 0x00000000b5400000|  0%| F|  |TAMS 0x00000000b5300000, 0x00000000b5300000| Untracked 
| 852|0x00000000b5400000, 0x00000000b5400000, 0x00000000b5500000|  0%| F|  |TAMS 0x00000000b5400000, 0x00000000b5400000| Untracked 
| 853|0x00000000b5500000, 0x00000000b5500000, 0x00000000b5600000|  0%| F|  |TAMS 0x00000000b5500000, 0x00000000b5500000| Untracked 
| 854|0x00000000b5600000, 0x00000000b5600000, 0x00000000b5700000|  0%| F|  |TAMS 0x00000000b5600000, 0x00000000b5600000| Untracked 
| 855|0x00000000b5700000, 0x00000000b5700000, 0x00000000b5800000|  0%| F|  |TAMS 0x00000000b5700000, 0x00000000b5700000| Untracked 
| 856|0x00000000b5800000, 0x00000000b5800000, 0x00000000b5900000|  0%| F|  |TAMS 0x00000000b5800000, 0x00000000b5800000| Untracked 
| 857|0x00000000b5900000, 0x00000000b5937450, 0x00000000b5a00000| 21%| E|  |TAMS 0x00000000b5900000, 0x00000000b5900000| Complete 
| 858|0x00000000b5a00000, 0x00000000b5b00000, 0x00000000b5b00000|100%| E|CS|TAMS 0x00000000b5a00000, 0x00000000b5a00000| Complete 
| 859|0x00000000b5b00000, 0x00000000b5c00000, 0x00000000b5c00000|100%| E|CS|TAMS 0x00000000b5b00000, 0x00000000b5b00000| Complete 
| 860|0x00000000b5c00000, 0x00000000b5d00000, 0x00000000b5d00000|100%| E|CS|TAMS 0x00000000b5c00000, 0x00000000b5c00000| Complete 
| 861|0x00000000b5d00000, 0x00000000b5e00000, 0x00000000b5e00000|100%| E|CS|TAMS 0x00000000b5d00000, 0x00000000b5d00000| Complete 
| 862|0x00000000b5e00000, 0x00000000b5f00000, 0x00000000b5f00000|100%| E|CS|TAMS 0x00000000b5e00000, 0x00000000b5e00000| Complete 
| 863|0x00000000b5f00000, 0x00000000b6000000, 0x00000000b6000000|100%| E|CS|TAMS 0x00000000b5f00000, 0x00000000b5f00000| Complete 
| 864|0x00000000b6000000, 0x00000000b6100000, 0x00000000b6100000|100%| E|CS|TAMS 0x00000000b6000000, 0x00000000b6000000| Complete 
| 865|0x00000000b6100000, 0x00000000b6200000, 0x00000000b6200000|100%| E|CS|TAMS 0x00000000b6100000, 0x00000000b6100000| Complete 
| 866|0x00000000b6200000, 0x00000000b6300000, 0x00000000b6300000|100%| E|CS|TAMS 0x00000000b6200000, 0x00000000b6200000| Complete 
| 867|0x00000000b6300000, 0x00000000b6400000, 0x00000000b6400000|100%| E|CS|TAMS 0x00000000b6300000, 0x00000000b6300000| Complete 
| 868|0x00000000b6400000, 0x00000000b6500000, 0x00000000b6500000|100%| E|CS|TAMS 0x00000000b6400000, 0x00000000b6400000| Complete 
| 869|0x00000000b6500000, 0x00000000b6600000, 0x00000000b6600000|100%| E|CS|TAMS 0x00000000b6500000, 0x00000000b6500000| Complete 
| 870|0x00000000b6600000, 0x00000000b6700000, 0x00000000b6700000|100%| E|CS|TAMS 0x00000000b6600000, 0x00000000b6600000| Complete 
| 871|0x00000000b6700000, 0x00000000b6800000, 0x00000000b6800000|100%| E|CS|TAMS 0x00000000b6700000, 0x00000000b6700000| Complete 
| 872|0x00000000b6800000, 0x00000000b6900000, 0x00000000b6900000|100%| E|CS|TAMS 0x00000000b6800000, 0x00000000b6800000| Complete 
| 873|0x00000000b6900000, 0x00000000b6a00000, 0x00000000b6a00000|100%| E|CS|TAMS 0x00000000b6900000, 0x00000000b6900000| Complete 
| 874|0x00000000b6a00000, 0x00000000b6b00000, 0x00000000b6b00000|100%| E|CS|TAMS 0x00000000b6a00000, 0x00000000b6a00000| Complete 
| 875|0x00000000b6b00000, 0x00000000b6c00000, 0x00000000b6c00000|100%| E|CS|TAMS 0x00000000b6b00000, 0x00000000b6b00000| Complete 
| 876|0x00000000b6c00000, 0x00000000b6d00000, 0x00000000b6d00000|100%| E|CS|TAMS 0x00000000b6c00000, 0x00000000b6c00000| Complete 
| 877|0x00000000b6d00000, 0x00000000b6e00000, 0x00000000b6e00000|100%| E|CS|TAMS 0x00000000b6d00000, 0x00000000b6d00000| Complete 
| 878|0x00000000b6e00000, 0x00000000b6f00000, 0x00000000b6f00000|100%| E|CS|TAMS 0x00000000b6e00000, 0x00000000b6e00000| Complete 
| 879|0x00000000b6f00000, 0x00000000b7000000, 0x00000000b7000000|100%| E|CS|TAMS 0x00000000b6f00000, 0x00000000b6f00000| Complete 
| 880|0x00000000b7000000, 0x00000000b7100000, 0x00000000b7100000|100%| E|CS|TAMS 0x00000000b7000000, 0x00000000b7000000| Complete 
| 881|0x00000000b7100000, 0x00000000b7200000, 0x00000000b7200000|100%| E|CS|TAMS 0x00000000b7100000, 0x00000000b7100000| Complete 
| 882|0x00000000b7200000, 0x00000000b7300000, 0x00000000b7300000|100%| E|CS|TAMS 0x00000000b7200000, 0x00000000b7200000| Complete 
| 883|0x00000000b7300000, 0x00000000b7400000, 0x00000000b7400000|100%| E|CS|TAMS 0x00000000b7300000, 0x00000000b7300000| Complete 
| 884|0x00000000b7400000, 0x00000000b7500000, 0x00000000b7500000|100%| E|CS|TAMS 0x00000000b7400000, 0x00000000b7400000| Complete 
| 885|0x00000000b7500000, 0x00000000b7600000, 0x00000000b7600000|100%| E|CS|TAMS 0x00000000b7500000, 0x00000000b7500000| Complete 
| 886|0x00000000b7600000, 0x00000000b7700000, 0x00000000b7700000|100%| E|CS|TAMS 0x00000000b7600000, 0x00000000b7600000| Complete 
| 887|0x00000000b7700000, 0x00000000b7800000, 0x00000000b7800000|100%| E|CS|TAMS 0x00000000b7700000, 0x00000000b7700000| Complete 
| 888|0x00000000b7800000, 0x00000000b7900000, 0x00000000b7900000|100%| E|CS|TAMS 0x00000000b7800000, 0x00000000b7800000| Complete 
| 889|0x00000000b7900000, 0x00000000b7a00000, 0x00000000b7a00000|100%| E|CS|TAMS 0x00000000b7900000, 0x00000000b7900000| Complete 
| 890|0x00000000b7a00000, 0x00000000b7b00000, 0x00000000b7b00000|100%| E|CS|TAMS 0x00000000b7a00000, 0x00000000b7a00000| Complete 
| 891|0x00000000b7b00000, 0x00000000b7c00000, 0x00000000b7c00000|100%| E|CS|TAMS 0x00000000b7b00000, 0x00000000b7b00000| Complete 
| 892|0x00000000b7c00000, 0x00000000b7d00000, 0x00000000b7d00000|100%| E|CS|TAMS 0x00000000b7c00000, 0x00000000b7c00000| Complete 
| 893|0x00000000b7d00000, 0x00000000b7e00000, 0x00000000b7e00000|100%| E|CS|TAMS 0x00000000b7d00000, 0x00000000b7d00000| Complete 
| 894|0x00000000b7e00000, 0x00000000b7f00000, 0x00000000b7f00000|100%| E|CS|TAMS 0x00000000b7e00000, 0x00000000b7e00000| Complete 
| 895|0x00000000b7f00000, 0x00000000b8000000, 0x00000000b8000000|100%| E|CS|TAMS 0x00000000b7f00000, 0x00000000b7f00000| Complete 
| 896|0x00000000b8000000, 0x00000000b8100000, 0x00000000b8100000|100%| E|CS|TAMS 0x00000000b8000000, 0x00000000b8000000| Complete 
| 897|0x00000000b8100000, 0x00000000b8200000, 0x00000000b8200000|100%| E|CS|TAMS 0x00000000b8100000, 0x00000000b8100000| Complete 
| 898|0x00000000b8200000, 0x00000000b8300000, 0x00000000b8300000|100%| E|CS|TAMS 0x00000000b8200000, 0x00000000b8200000| Complete 
| 899|0x00000000b8300000, 0x00000000b8400000, 0x00000000b8400000|100%| E|CS|TAMS 0x00000000b8300000, 0x00000000b8300000| Complete 
| 900|0x00000000b8400000, 0x00000000b8500000, 0x00000000b8500000|100%| E|CS|TAMS 0x00000000b8400000, 0x00000000b8400000| Complete 
| 901|0x00000000b8500000, 0x00000000b8600000, 0x00000000b8600000|100%| E|CS|TAMS 0x00000000b8500000, 0x00000000b8500000| Complete 
| 902|0x00000000b8600000, 0x00000000b8700000, 0x00000000b8700000|100%| E|CS|TAMS 0x00000000b8600000, 0x00000000b8600000| Complete 
| 903|0x00000000b8700000, 0x00000000b8800000, 0x00000000b8800000|100%| E|CS|TAMS 0x00000000b8700000, 0x00000000b8700000| Complete 
| 904|0x00000000b8800000, 0x00000000b8900000, 0x00000000b8900000|100%| E|CS|TAMS 0x00000000b8800000, 0x00000000b8800000| Complete 
| 905|0x00000000b8900000, 0x00000000b8a00000, 0x00000000b8a00000|100%| E|CS|TAMS 0x00000000b8900000, 0x00000000b8900000| Complete 
| 906|0x00000000b8a00000, 0x00000000b8b00000, 0x00000000b8b00000|100%| E|CS|TAMS 0x00000000b8a00000, 0x00000000b8a00000| Complete 
| 907|0x00000000b8b00000, 0x00000000b8c00000, 0x00000000b8c00000|100%| E|CS|TAMS 0x00000000b8b00000, 0x00000000b8b00000| Complete 
| 908|0x00000000b8c00000, 0x00000000b8d00000, 0x00000000b8d00000|100%| E|CS|TAMS 0x00000000b8c00000, 0x00000000b8c00000| Complete 
| 909|0x00000000b8d00000, 0x00000000b8e00000, 0x00000000b8e00000|100%| E|CS|TAMS 0x00000000b8d00000, 0x00000000b8d00000| Complete 
| 910|0x00000000b8e00000, 0x00000000b8f00000, 0x00000000b8f00000|100%| E|CS|TAMS 0x00000000b8e00000, 0x00000000b8e00000| Complete 
| 911|0x00000000b8f00000, 0x00000000b9000000, 0x00000000b9000000|100%| E|CS|TAMS 0x00000000b8f00000, 0x00000000b8f00000| Complete 
| 912|0x00000000b9000000, 0x00000000b9100000, 0x00000000b9100000|100%| E|CS|TAMS 0x00000000b9000000, 0x00000000b9000000| Complete 
| 913|0x00000000b9100000, 0x00000000b9200000, 0x00000000b9200000|100%| E|CS|TAMS 0x00000000b9100000, 0x00000000b9100000| Complete 
| 914|0x00000000b9200000, 0x00000000b9300000, 0x00000000b9300000|100%| E|CS|TAMS 0x00000000b9200000, 0x00000000b9200000| Complete 
| 915|0x00000000b9300000, 0x00000000b9400000, 0x00000000b9400000|100%| E|CS|TAMS 0x00000000b9300000, 0x00000000b9300000| Complete 
| 916|0x00000000b9400000, 0x00000000b9500000, 0x00000000b9500000|100%| E|CS|TAMS 0x00000000b9400000, 0x00000000b9400000| Complete 
| 917|0x00000000b9500000, 0x00000000b9600000, 0x00000000b9600000|100%| E|CS|TAMS 0x00000000b9500000, 0x00000000b9500000| Complete 
| 918|0x00000000b9600000, 0x00000000b9700000, 0x00000000b9700000|100%| E|CS|TAMS 0x00000000b9600000, 0x00000000b9600000| Complete 
| 919|0x00000000b9700000, 0x00000000b9800000, 0x00000000b9800000|100%| E|CS|TAMS 0x00000000b9700000, 0x00000000b9700000| Complete 
| 920|0x00000000b9800000, 0x00000000b9900000, 0x00000000b9900000|100%| E|CS|TAMS 0x00000000b9800000, 0x00000000b9800000| Complete 
| 921|0x00000000b9900000, 0x00000000b9a00000, 0x00000000b9a00000|100%| S|CS|TAMS 0x00000000b9900000, 0x00000000b9900000| Complete 
| 922|0x00000000b9a00000, 0x00000000b9b00000, 0x00000000b9b00000|100%| S|CS|TAMS 0x00000000b9a00000, 0x00000000b9a00000| Complete 
| 923|0x00000000b9b00000, 0x00000000b9c00000, 0x00000000b9c00000|100%| S|CS|TAMS 0x00000000b9b00000, 0x00000000b9b00000| Complete 
| 924|0x00000000b9c00000, 0x00000000b9d00000, 0x00000000b9d00000|100%| S|CS|TAMS 0x00000000b9c00000, 0x00000000b9c00000| Complete 
| 925|0x00000000b9d00000, 0x00000000b9e00000, 0x00000000b9e00000|100%| S|CS|TAMS 0x00000000b9d00000, 0x00000000b9d00000| Complete 
| 926|0x00000000b9e00000, 0x00000000b9f00000, 0x00000000b9f00000|100%| S|CS|TAMS 0x00000000b9e00000, 0x00000000b9e00000| Complete 
| 927|0x00000000b9f00000, 0x00000000ba000000, 0x00000000ba000000|100%| E|CS|TAMS 0x00000000b9f00000, 0x00000000b9f00000| Complete 
| 928|0x00000000ba000000, 0x00000000ba100000, 0x00000000ba100000|100%| E|CS|TAMS 0x00000000ba000000, 0x00000000ba000000| Complete 
| 929|0x00000000ba100000, 0x00000000ba200000, 0x00000000ba200000|100%| E|CS|TAMS 0x00000000ba100000, 0x00000000ba100000| Complete 
| 930|0x00000000ba200000, 0x00000000ba300000, 0x00000000ba300000|100%| E|CS|TAMS 0x00000000ba200000, 0x00000000ba200000| Complete 
| 931|0x00000000ba300000, 0x00000000ba400000, 0x00000000ba400000|100%| E|CS|TAMS 0x00000000ba300000, 0x00000000ba300000| Complete 
| 932|0x00000000ba400000, 0x00000000ba500000, 0x00000000ba500000|100%| E|CS|TAMS 0x00000000ba400000, 0x00000000ba400000| Complete 
| 933|0x00000000ba500000, 0x00000000ba600000, 0x00000000ba600000|100%| E|CS|TAMS 0x00000000ba500000, 0x00000000ba500000| Complete 
| 934|0x00000000ba600000, 0x00000000ba700000, 0x00000000ba700000|100%| E|CS|TAMS 0x00000000ba600000, 0x00000000ba600000| Complete 
| 935|0x00000000ba700000, 0x00000000ba800000, 0x00000000ba800000|100%| E|CS|TAMS 0x00000000ba700000, 0x00000000ba700000| Complete 
| 936|0x00000000ba800000, 0x00000000ba900000, 0x00000000ba900000|100%| E|CS|TAMS 0x00000000ba800000, 0x00000000ba800000| Complete 
| 937|0x00000000ba900000, 0x00000000baa00000, 0x00000000baa00000|100%| E|CS|TAMS 0x00000000ba900000, 0x00000000ba900000| Complete 
| 938|0x00000000baa00000, 0x00000000bab00000, 0x00000000bab00000|100%| E|CS|TAMS 0x00000000baa00000, 0x00000000baa00000| Complete 
| 939|0x00000000bab00000, 0x00000000bac00000, 0x00000000bac00000|100%| E|CS|TAMS 0x00000000bab00000, 0x00000000bab00000| Complete 
| 940|0x00000000bac00000, 0x00000000bad00000, 0x00000000bad00000|100%| E|CS|TAMS 0x00000000bac00000, 0x00000000bac00000| Complete 
| 941|0x00000000bad00000, 0x00000000bae00000, 0x00000000bae00000|100%| E|CS|TAMS 0x00000000bad00000, 0x00000000bad00000| Complete 
| 942|0x00000000bae00000, 0x00000000baf00000, 0x00000000baf00000|100%| E|CS|TAMS 0x00000000bae00000, 0x00000000bae00000| Complete 
| 943|0x00000000baf00000, 0x00000000bb000000, 0x00000000bb000000|100%| E|CS|TAMS 0x00000000baf00000, 0x00000000baf00000| Complete 
| 944|0x00000000bb000000, 0x00000000bb100000, 0x00000000bb100000|100%| E|CS|TAMS 0x00000000bb000000, 0x00000000bb000000| Complete 
| 945|0x00000000bb100000, 0x00000000bb200000, 0x00000000bb200000|100%| E|CS|TAMS 0x00000000bb100000, 0x00000000bb100000| Complete 
| 946|0x00000000bb200000, 0x00000000bb300000, 0x00000000bb300000|100%| E|CS|TAMS 0x00000000bb200000, 0x00000000bb200000| Complete 
| 947|0x00000000bb300000, 0x00000000bb400000, 0x00000000bb400000|100%| E|CS|TAMS 0x00000000bb300000, 0x00000000bb300000| Complete 
| 948|0x00000000bb400000, 0x00000000bb500000, 0x00000000bb500000|100%| E|CS|TAMS 0x00000000bb400000, 0x00000000bb400000| Complete 
| 949|0x00000000bb500000, 0x00000000bb600000, 0x00000000bb600000|100%| E|CS|TAMS 0x00000000bb500000, 0x00000000bb500000| Complete 
| 950|0x00000000bb600000, 0x00000000bb700000, 0x00000000bb700000|100%| E|CS|TAMS 0x00000000bb600000, 0x00000000bb600000| Complete 
| 951|0x00000000bb700000, 0x00000000bb800000, 0x00000000bb800000|100%| E|CS|TAMS 0x00000000bb700000, 0x00000000bb700000| Complete 
| 952|0x00000000bb800000, 0x00000000bb900000, 0x00000000bb900000|100%| E|CS|TAMS 0x00000000bb800000, 0x00000000bb800000| Complete 
| 953|0x00000000bb900000, 0x00000000bba00000, 0x00000000bba00000|100%| E|CS|TAMS 0x00000000bb900000, 0x00000000bb900000| Complete 
| 954|0x00000000bba00000, 0x00000000bbb00000, 0x00000000bbb00000|100%| E|CS|TAMS 0x00000000bba00000, 0x00000000bba00000| Complete 
| 955|0x00000000bbb00000, 0x00000000bbc00000, 0x00000000bbc00000|100%| E|CS|TAMS 0x00000000bbb00000, 0x00000000bbb00000| Complete 
| 956|0x00000000bbc00000, 0x00000000bbd00000, 0x00000000bbd00000|100%| E|CS|TAMS 0x00000000bbc00000, 0x00000000bbc00000| Complete 
| 957|0x00000000bbd00000, 0x00000000bbe00000, 0x00000000bbe00000|100%| E|CS|TAMS 0x00000000bbd00000, 0x00000000bbd00000| Complete 
| 958|0x00000000bbe00000, 0x00000000bbf00000, 0x00000000bbf00000|100%| E|CS|TAMS 0x00000000bbe00000, 0x00000000bbe00000| Complete 
| 959|0x00000000bbf00000, 0x00000000bc000000, 0x00000000bc000000|100%| E|CS|TAMS 0x00000000bbf00000, 0x00000000bbf00000| Complete 
| 960|0x00000000bc000000, 0x00000000bc100000, 0x00000000bc100000|100%| E|CS|TAMS 0x00000000bc000000, 0x00000000bc000000| Complete 
| 961|0x00000000bc100000, 0x00000000bc200000, 0x00000000bc200000|100%| E|CS|TAMS 0x00000000bc100000, 0x00000000bc100000| Complete 
| 962|0x00000000bc200000, 0x00000000bc300000, 0x00000000bc300000|100%| E|CS|TAMS 0x00000000bc200000, 0x00000000bc200000| Complete 
| 963|0x00000000bc300000, 0x00000000bc400000, 0x00000000bc400000|100%| E|CS|TAMS 0x00000000bc300000, 0x00000000bc300000| Complete 
| 964|0x00000000bc400000, 0x00000000bc500000, 0x00000000bc500000|100%| E|CS|TAMS 0x00000000bc400000, 0x00000000bc400000| Complete 
| 965|0x00000000bc500000, 0x00000000bc600000, 0x00000000bc600000|100%| E|CS|TAMS 0x00000000bc500000, 0x00000000bc500000| Complete 
| 966|0x00000000bc600000, 0x00000000bc700000, 0x00000000bc700000|100%| E|CS|TAMS 0x00000000bc600000, 0x00000000bc600000| Complete 
| 967|0x00000000bc700000, 0x00000000bc800000, 0x00000000bc800000|100%| E|CS|TAMS 0x00000000bc700000, 0x00000000bc700000| Complete 
| 968|0x00000000bc800000, 0x00000000bc900000, 0x00000000bc900000|100%| E|CS|TAMS 0x00000000bc800000, 0x00000000bc800000| Complete 

Card table byte_map: [0x00000188abdf0000,0x00000188ac1f0000] _byte_map_base: 0x00000188ab9f0000

Marking Bits (Prev, Next): (CMBitMap*) 0x0000018894c4c430, (CMBitMap*) 0x0000018894c4c470
 Prev Bits: [0x00000188ac5f0000, 0x00000188ae5f0000)
 Next Bits: [0x00000188ae5f0000, 0x00000188b05f0000)

Polling page: 0x00000188943b0000

Metaspace:

Usage:
  Non-class:    158.60 MB used.
      Class:     24.78 MB used.
       Both:    183.38 MB used.

Virtual space:
  Non-class space:      192.00 MB reserved,     160.38 MB ( 84%) committed,  3 nodes.
      Class space:      416.00 MB reserved,      26.12 MB (  6%) committed,  1 nodes.
             Both:      608.00 MB reserved,     186.50 MB ( 31%) committed. 

Chunk freelists:
   Non-Class:  15.88 MB
       Class:  6.10 MB
        Both:  21.97 MB

MaxMetaspaceSize: 512.00 MB
CompressedClassSpaceSize: 416.00 MB
Initial GC threshold: 21.00 MB
Current GC threshold: 310.88 MB
CDS: on
MetaspaceReclaimPolicy: balanced
 - commit_granule_bytes: 65536.
 - commit_granule_words: 8192.
 - virtual_space_node_default_size: 8388608.
 - enlarge_chunks_in_place: 1.
 - new_chunks_are_fully_committed: 0.
 - uncommit_free_chunks: 1.
 - use_allocation_guard: 0.
 - handle_deallocations: 1.


Internal statistics:

num_allocs_failed_limit: 9.
num_arena_births: 3780.
num_arena_deaths: 98.
num_vsnodes_births: 4.
num_vsnodes_deaths: 0.
num_space_committed: 3015.
num_space_uncommitted: 33.
num_chunks_returned_to_freelist: 335.
num_chunks_taken_from_freelist: 12880.
num_chunk_merges: 98.
num_chunk_splits: 7933.
num_chunks_enlarged: 4629.
num_inconsistent_stats: 0.

CodeHeap 'non-profiled nmethods': size=120000Kb used=27890Kb max_used=28166Kb free=92109Kb
 bounds [0x00000188a3f70000, 0x00000188a5b50000, 0x00000188ab4a0000]
CodeHeap 'profiled nmethods': size=120000Kb used=64444Kb max_used=66787Kb free=55555Kb
 bounds [0x000001889c4a0000, 0x00000188a05f0000, 0x00000188a39d0000]
CodeHeap 'non-nmethods': size=5760Kb used=2597Kb max_used=2655Kb free=3162Kb
 bounds [0x00000188a39d0000, 0x00000188a3c80000, 0x00000188a3f70000]
 total_blobs=34019 nmethods=32864 adapters=1064
 compilation: enabled
              stopped_count=0, restarted_count=0
 full_count=0

Compilation events (20 events):
Event: 467.642 Thread 0x00000188b32c9fd0 nmethod 43561 0x000001889f32e010 code [0x000001889f32e1a0, 0x000001889f32e2e8]
Event: 467.642 Thread 0x00000188b32c9fd0 43548       2       com.android.tools.r8.graph.r5::b (29 bytes)
Event: 467.642 Thread 0x00000188b32c9fd0 nmethod 43548 0x000001889e9acb10 code [0x000001889e9acca0, 0x000001889e9acdb8]
Event: 467.642 Thread 0x00000188b32c9fd0 43547       2       com.android.tools.r8.dex.code.O1::<init> (8 bytes)
Event: 467.642 Thread 0x00000188b32c9fd0 nmethod 43547 0x000001889ecc2890 code [0x000001889ecc2a20, 0x000001889ecc2b48]
Event: 467.642 Thread 0x00000188b32c9fd0 43574       2       com.android.tools.r8.internal.eW::<init> (15 bytes)
Event: 467.642 Thread 0x00000188b32c9fd0 nmethod 43574 0x000001889f753990 code [0x000001889f753b20, 0x000001889f753cd8]
Event: 467.642 Thread 0x00000188b32c9fd0 43560       2       com.android.tools.r8.dex.code.G0::<init> (12 bytes)
Event: 467.643 Thread 0x00000188b32c9fd0 nmethod 43560 0x000001889edd0a10 code [0x000001889edd0ba0, 0x000001889edd0cb8]
Event: 467.643 Thread 0x00000188b32c9fd0 43665       3       com.android.tools.r8.graph.H4$a::a (76 bytes)
Event: 467.644 Thread 0x00000188b32c9fd0 nmethod 43665 0x000001889de85690 code [0x000001889de858a0, 0x000001889de85ff8]
Event: 467.644 Thread 0x00000188b32c9fd0 43667       3       com.android.tools.r8.dex.C::a (304 bytes)
Event: 467.647 Thread 0x00000188b32c9fd0 nmethod 43667 0x000001889c5bac90 code [0x000001889c5bafe0, 0x000001889c5bc728]
Event: 467.647 Thread 0x00000188b32c9fd0 43521       2       com.android.tools.r8.graph.w2::R (2 bytes)
Event: 467.647 Thread 0x00000188b32c9fd0 nmethod 43521 0x000001889ee83d90 code [0x000001889ee83f20, 0x000001889ee84038]
Event: 467.647 Thread 0x00000188b32c9fd0 43570       2       com.android.tools.r8.dex.code.J0::<init> (22 bytes)
Event: 467.647 Thread 0x00000188b32c9fd0 nmethod 43570 0x000001889cfa6190 code [0x000001889cfa6340, 0x000001889cfa65a8]
Event: 467.647 Thread 0x00000188b32c9fd0 43562       2       com.android.tools.r8.dex.m::h (11 bytes)
Event: 467.649 Thread 0x00000188b32c9fd0 nmethod 43562 0x000001889eee8d10 code [0x000001889eee8ea0, 0x000001889eee8fb8]
Event: 467.649 Thread 0x00000188b32c9fd0 43673       3       java.util.concurrent.ConcurrentLinkedQueue::offer (120 bytes)

GC Heap History (20 events):
Event: 458.451 GC heap before
{Heap before GC invocations=119 (full 0):
 garbage-first heap   total 655360K, used 572746K [0x0000000080000000, 0x0000000100000000)
  region size 1024K, 79 young (80896K), 6 survivors (6144K)
 Metaspace       used 188167K, committed 190720K, reserved 622592K
  class space    used 25268K, committed 26432K, reserved 425984K
}
Event: 458.457 GC heap after
{Heap after GC invocations=120 (full 0):
 garbage-first heap   total 655360K, used 497647K [0x0000000080000000, 0x0000000100000000)
  region size 1024K, 3 young (3072K), 3 survivors (3072K)
 Metaspace       used 188167K, committed 190720K, reserved 622592K
  class space    used 25268K, committed 26432K, reserved 425984K
}
Event: 459.191 GC heap before
{Heap before GC invocations=120 (full 0):
 garbage-first heap   total 655360K, used 574447K [0x0000000080000000, 0x0000000100000000)
  region size 1024K, 79 young (80896K), 3 survivors (3072K)
 Metaspace       used 188466K, committed 191040K, reserved 622592K
  class space    used 25282K, committed 26432K, reserved 425984K
}
Event: 459.197 GC heap after
{Heap after GC invocations=121 (full 0):
 garbage-first heap   total 655360K, used 501491K [0x0000000080000000, 0x0000000100000000)
  region size 1024K, 7 young (7168K), 7 survivors (7168K)
 Metaspace       used 188466K, committed 191040K, reserved 622592K
  class space    used 25282K, committed 26432K, reserved 425984K
}
Event: 461.183 GC heap before
{Heap before GC invocations=121 (full 0):
 garbage-first heap   total 655360K, used 576243K [0x0000000080000000, 0x0000000100000000)
  region size 1024K, 79 young (80896K), 7 survivors (7168K)
 Metaspace       used 188647K, committed 191232K, reserved 622592K
  class space    used 25299K, committed 26496K, reserved 425984K
}
Event: 461.190 GC heap after
{Heap after GC invocations=122 (full 0):
 garbage-first heap   total 655360K, used 503644K [0x0000000080000000, 0x0000000100000000)
  region size 1024K, 7 young (7168K), 7 survivors (7168K)
 Metaspace       used 188647K, committed 191232K, reserved 622592K
  class space    used 25299K, committed 26496K, reserved 425984K
}
Event: 461.636 GC heap before
{Heap before GC invocations=122 (full 0):
 garbage-first heap   total 655360K, used 574300K [0x0000000080000000, 0x0000000100000000)
  region size 1024K, 77 young (78848K), 7 survivors (7168K)
 Metaspace       used 188722K, committed 191296K, reserved 622592K
  class space    used 25300K, committed 26496K, reserved 425984K
}
Event: 461.643 GC heap after
{Heap after GC invocations=123 (full 0):
 garbage-first heap   total 655360K, used 507754K [0x0000000080000000, 0x0000000100000000)
  region size 1024K, 7 young (7168K), 7 survivors (7168K)
 Metaspace       used 188722K, committed 191296K, reserved 622592K
  class space    used 25300K, committed 26496K, reserved 425984K
}
Event: 462.548 GC heap before
{Heap before GC invocations=123 (full 0):
 garbage-first heap   total 655360K, used 573290K [0x0000000080000000, 0x0000000100000000)
  region size 1024K, 72 young (73728K), 7 survivors (7168K)
 Metaspace       used 188830K, committed 191360K, reserved 622592K
  class space    used 25309K, committed 26496K, reserved 425984K
}
Event: 462.553 GC heap after
{Heap after GC invocations=124 (full 0):
 garbage-first heap   total 655360K, used 507151K [0x0000000080000000, 0x0000000100000000)
  region size 1024K, 3 young (3072K), 3 survivors (3072K)
 Metaspace       used 188830K, committed 191360K, reserved 622592K
  class space    used 25309K, committed 26496K, reserved 425984K
}
Event: 464.423 GC heap before
{Heap before GC invocations=124 (full 0):
 garbage-first heap   total 655360K, used 582927K [0x0000000080000000, 0x0000000100000000)
  region size 1024K, 69 young (70656K), 3 survivors (3072K)
 Metaspace       used 189421K, committed 192000K, reserved 622592K
  class space    used 25377K, committed 26624K, reserved 425984K
}
Event: 464.428 GC heap after
{Heap after GC invocations=125 (full 0):
 garbage-first heap   total 655360K, used 517377K [0x0000000080000000, 0x0000000100000000)
  region size 1024K, 6 young (6144K), 6 survivors (6144K)
 Metaspace       used 189421K, committed 192000K, reserved 622592K
  class space    used 25377K, committed 26624K, reserved 425984K
}
Event: 465.391 GC heap before
{Heap before GC invocations=125 (full 0):
 garbage-first heap   total 655360K, used 583937K [0x0000000080000000, 0x0000000100000000)
  region size 1024K, 42 young (43008K), 6 survivors (6144K)
 Metaspace       used 190357K, committed 193024K, reserved 622592K
  class space    used 25506K, committed 26752K, reserved 425984K
}
Event: 465.397 GC heap after
{Heap after GC invocations=126 (full 0):
 garbage-first heap   total 655360K, used 552154K [0x0000000080000000, 0x0000000100000000)
  region size 1024K, 8 young (8192K), 8 survivors (8192K)
 Metaspace       used 190357K, committed 193024K, reserved 622592K
  class space    used 25506K, committed 26752K, reserved 425984K
}
Event: 466.011 GC heap before
{Heap before GC invocations=127 (full 0):
 garbage-first heap   total 992256K, used 595162K [0x0000000080000000, 0x0000000100000000)
  region size 1024K, 33 young (33792K), 8 survivors (8192K)
 Metaspace       used 186751K, committed 190976K, reserved 622592K
  class space    used 25233K, committed 26752K, reserved 425984K
}
Event: 466.018 GC heap after
{Heap after GC invocations=128 (full 0):
 garbage-first heap   total 992256K, used 553856K [0x0000000080000000, 0x0000000100000000)
  region size 1024K, 5 young (5120K), 5 survivors (5120K)
 Metaspace       used 186751K, committed 190976K, reserved 622592K
  class space    used 25233K, committed 26752K, reserved 425984K
}
Event: 466.354 GC heap before
{Heap before GC invocations=128 (full 0):
 garbage-first heap   total 992256K, used 596864K [0x0000000080000000, 0x0000000100000000)
  region size 1024K, 48 young (49152K), 5 survivors (5120K)
 Metaspace       used 186855K, committed 190976K, reserved 622592K
  class space    used 25254K, committed 26752K, reserved 425984K
}
Event: 466.373 GC heap after
{Heap after GC invocations=129 (full 0):
 garbage-first heap   total 992256K, used 479563K [0x0000000080000000, 0x0000000100000000)
  region size 1024K, 6 young (6144K), 6 survivors (6144K)
 Metaspace       used 186855K, committed 190976K, reserved 622592K
  class space    used 25254K, committed 26752K, reserved 425984K
}
Event: 467.015 GC heap before
{Heap before GC invocations=129 (full 0):
 garbage-first heap   total 992256K, used 523595K [0x0000000080000000, 0x0000000100000000)
  region size 1024K, 48 young (49152K), 6 survivors (6144K)
 Metaspace       used 187323K, committed 190976K, reserved 622592K
  class space    used 25318K, committed 26752K, reserved 425984K
}
Event: 467.036 GC heap after
{Heap after GC invocations=130 (full 0):
 garbage-first heap   total 992256K, used 490463K [0x0000000080000000, 0x0000000100000000)
  region size 1024K, 6 young (6144K), 6 survivors (6144K)
 Metaspace       used 187323K, committed 190976K, reserved 622592K
  class space    used 25318K, committed 26752K, reserved 425984K
}

Deoptimization events (20 events):
Event: 467.544 Thread 0x00000188e5c00710 DEOPT PACKING pc=0x00000188a537e7b8 sp=0x00000042ef0fe710
Event: 467.544 Thread 0x00000188e5c00710 DEOPT UNPACKING pc=0x00000188a3a223a3 sp=0x00000042ef0fe638 mode 2
Event: 467.544 Thread 0x00000188d4e8bf70 DEOPT PACKING pc=0x00000188a55d5acc sp=0x00000042eebfeb60
Event: 467.545 Thread 0x00000188d4e8bf70 DEOPT UNPACKING pc=0x00000188a3a223a3 sp=0x00000042eebfeaf0 mode 2
Event: 467.545 Thread 0x00000188b3856360 DEOPT PACKING pc=0x00000188a537e7b8 sp=0x00000042eecfe980
Event: 467.545 Thread 0x00000188b3856360 DEOPT UNPACKING pc=0x00000188a3a223a3 sp=0x00000042eecfe8a8 mode 2
Event: 467.545 Thread 0x00000188dae12a70 DEOPT PACKING pc=0x00000188a55d5acc sp=0x00000042ef1fead0
Event: 467.545 Thread 0x00000188dae12a70 DEOPT UNPACKING pc=0x00000188a3a223a3 sp=0x00000042ef1fea60 mode 2
Event: 467.548 Thread 0x00000188dae12a70 Uncommon trap: trap_request=0xffffff45 fr.pc=0x00000188a5329960 relative=0x0000000000000060
Event: 467.548 Thread 0x00000188e5e15a80 Uncommon trap: trap_request=0xffffff45 fr.pc=0x00000188a5329960 relative=0x0000000000000060
Event: 467.548 Thread 0x00000188dae12a70 Uncommon trap: reason=unstable_if action=reinterpret pc=0x00000188a5329960 method=com.android.tools.r8.internal.uB$g.a()Z @ 4 c2
Event: 467.548 Thread 0x00000188e5e15a80 Uncommon trap: reason=unstable_if action=reinterpret pc=0x00000188a5329960 method=com.android.tools.r8.internal.uB$g.a()Z @ 4 c2
Event: 467.549 Thread 0x00000188dae12a70 DEOPT PACKING pc=0x00000188a5329960 sp=0x00000042ef1fe390
Event: 467.549 Thread 0x00000188dae12a70 DEOPT UNPACKING pc=0x00000188a3a223a3 sp=0x00000042ef1fe318 mode 2
Event: 467.549 Thread 0x00000188e5e15a80 DEOPT PACKING pc=0x00000188a5329960 sp=0x00000042ec3fe300
Event: 467.549 Thread 0x00000188e5e15a80 DEOPT UNPACKING pc=0x00000188a3a223a3 sp=0x00000042ec3fe288 mode 2
Event: 467.633 Thread 0x00000188e5c00c20 Uncommon trap: trap_request=0xffffff45 fr.pc=0x00000188a4580218 relative=0x0000000000000378
Event: 467.634 Thread 0x00000188e5c00c20 Uncommon trap: reason=unstable_if action=reinterpret pc=0x00000188a4580218 method=java.util.concurrent.ConcurrentLinkedQueue.offer(Ljava/lang/Object;)Z @ 96 c2
Event: 467.634 Thread 0x00000188e5c00c20 DEOPT PACKING pc=0x00000188a4580218 sp=0x00000042ec8fec60
Event: 467.634 Thread 0x00000188e5c00c20 DEOPT UNPACKING pc=0x00000188a3a223a3 sp=0x00000042ec8febf8 mode 2

Classes unloaded (20 events):
Event: 465.709 Thread 0x00000188b32a7a70 Unloading class 0x00000188b656d000 'jdk/internal/jimage/ImageHeader'
Event: 465.709 Thread 0x00000188b32a7a70 Unloading class 0x00000188b656bbd8 'jdk/internal/jimage/BasicImageReader$2'
Event: 465.709 Thread 0x00000188b32a7a70 Unloading class 0x00000188b656b9a8 'jdk/internal/jimage/BasicImageReader$1'
Event: 465.709 Thread 0x00000188b32a7a70 Unloading class 0x00000188b656b740 'jdk/internal/jimage/ImageReader$Resource'
Event: 465.709 Thread 0x00000188b32a7a70 Unloading class 0x00000188b656b4d8 'jdk/internal/jimage/ImageReader$LinkNode'
Event: 465.709 Thread 0x00000188b32a7a70 Unloading class 0x00000188b656b270 'jdk/internal/jimage/ImageReader$Directory'
Event: 465.709 Thread 0x00000188b32a7a70 Unloading class 0x00000188b656b008 'jdk/internal/jimage/ImageReader$Node'
Event: 465.709 Thread 0x00000188b32a7a70 Unloading class 0x00000188b656ae10 'jdk/internal/jimage/ImageStrings'
Event: 465.709 Thread 0x00000188b32a7a70 Unloading class 0x00000188b656ab50 'jdk/internal/jimage/ImageReader$SharedImageReader'
Event: 465.709 Thread 0x00000188b32a7a70 Unloading class 0x00000188b656a890 'jdk/internal/jimage/BasicImageReader'
Event: 465.709 Thread 0x00000188b32a7a70 Unloading class 0x00000188b656a670 'jdk/internal/jimage/ImageReader'
Event: 465.709 Thread 0x00000188b32a7a70 Unloading class 0x00000188b656a448 'jdk/internal/jrtfs/SystemImage$2'
Event: 465.709 Thread 0x00000188b32a7a70 Unloading class 0x00000188b656a230 'jdk/internal/jrtfs/SystemImage$$Lambda$3113+0x00000188b656a230'
Event: 465.709 Thread 0x00000188b32a7a70 Unloading class 0x00000188b656a000 'jdk/internal/jrtfs/ExplodedImage'
Event: 465.709 Thread 0x00000188b32a7a70 Unloading class 0x00000188b6569dc8 'jdk/internal/jrtfs/SystemImage$1'
Event: 465.709 Thread 0x00000188b32a7a70 Unloading class 0x00000188b6569bb0 'jdk/internal/jrtfs/SystemImage'
Event: 465.709 Thread 0x00000188b32a7a70 Unloading class 0x00000188b6569950 'jdk/internal/jrtfs/JrtFileStore'
Event: 465.709 Thread 0x00000188b32a7a70 Unloading class 0x00000188b65695d8 'jdk/internal/jrtfs/JrtPath'
Event: 465.709 Thread 0x00000188b32a7a70 Unloading class 0x00000188b65692e0 'jdk/internal/jrtfs/JrtFileSystem'
Event: 465.709 Thread 0x00000188b32a7a70 Unloading class 0x00000188b6569000 'jdk/internal/jrtfs/JrtFileSystemProvider'

Classes redefined (0 events):
No events

Internal exceptions (20 events):
Event: 465.084 Thread 0x00000188d7b29c80 Exception <a 'sun/nio/fs/WindowsException'{0x00000000a6f3e748}> (0x00000000a6f3e748) 
thrown [s\open\src\hotspot\share\prims\jni.cpp, line 516]
Event: 465.084 Thread 0x00000188d7b29c80 Exception <a 'sun/nio/fs/WindowsException'{0x00000000a6f3eb00}> (0x00000000a6f3eb00) 
thrown [s\open\src\hotspot\share\prims\jni.cpp, line 516]
Event: 465.086 Thread 0x00000188d7b29c80 Exception <a 'sun/nio/fs/WindowsException'{0x00000000a6f40e60}> (0x00000000a6f40e60) 
thrown [s\open\src\hotspot\share\prims\jni.cpp, line 516]
Event: 465.087 Thread 0x00000188d7b29c80 Exception <a 'sun/nio/fs/WindowsException'{0x00000000a6f43330}> (0x00000000a6f43330) 
thrown [s\open\src\hotspot\share\prims\jni.cpp, line 516]
Event: 465.087 Thread 0x00000188d7b29c80 Exception <a 'sun/nio/fs/WindowsException'{0x00000000a6f43600}> (0x00000000a6f43600) 
thrown [s\open\src\hotspot\share\prims\jni.cpp, line 516]
Event: 465.087 Thread 0x00000188d7b29c80 Exception <a 'sun/nio/fs/WindowsException'{0x00000000a6f45870}> (0x00000000a6f45870) 
thrown [s\open\src\hotspot\share\prims\jni.cpp, line 516]
Event: 465.088 Thread 0x00000188d7b29c80 Exception <a 'sun/nio/fs/WindowsException'{0x00000000a6f46c20}> (0x00000000a6f46c20) 
thrown [s\open\src\hotspot\share\prims\jni.cpp, line 516]
Event: 465.088 Thread 0x00000188d7b29c80 Exception <a 'sun/nio/fs/WindowsException'{0x00000000a6f47e38}> (0x00000000a6f47e38) 
thrown [s\open\src\hotspot\share\prims\jni.cpp, line 516]
Event: 465.088 Thread 0x00000188d7b29c80 Exception <a 'sun/nio/fs/WindowsException'{0x00000000a6f49220}> (0x00000000a6f49220) 
thrown [s\open\src\hotspot\share\prims\jni.cpp, line 516]
Event: 465.088 Thread 0x00000188d7b29c80 Exception <a 'sun/nio/fs/WindowsException'{0x00000000a6f4ac68}> (0x00000000a6f4ac68) 
thrown [s\open\src\hotspot\share\prims\jni.cpp, line 516]
Event: 465.088 Thread 0x00000188d7b29c80 Exception <a 'sun/nio/fs/WindowsException'{0x00000000a6f4af30}> (0x00000000a6f4af30) 
thrown [s\open\src\hotspot\share\prims\jni.cpp, line 516]
Event: 465.089 Thread 0x00000188d7b29c80 Exception <a 'sun/nio/fs/WindowsException'{0x00000000a6f4d188}> (0x00000000a6f4d188) 
thrown [s\open\src\hotspot\share\prims\jni.cpp, line 516]
Event: 465.089 Thread 0x00000188d7b29c80 Exception <a 'sun/nio/fs/WindowsException'{0x00000000a6f4e500}> (0x00000000a6f4e500) 
thrown [s\open\src\hotspot\share\prims\jni.cpp, line 516]
Event: 465.089 Thread 0x00000188d7b29c80 Exception <a 'sun/nio/fs/WindowsException'{0x00000000a6f4f700}> (0x00000000a6f4f700) 
thrown [s\open\src\hotspot\share\prims\jni.cpp, line 516]
Event: 465.089 Thread 0x00000188d7b29c80 Exception <a 'sun/nio/fs/WindowsException'{0x00000000a6f50ab0}> (0x00000000a6f50ab0) 
thrown [s\open\src\hotspot\share\prims\jni.cpp, line 516]
Event: 465.089 Thread 0x00000188d7b29c80 Exception <a 'sun/nio/fs/WindowsException'{0x00000000a6f52368}> (0x00000000a6f52368) 
thrown [s\open\src\hotspot\share\prims\jni.cpp, line 516]
Event: 465.089 Thread 0x00000188d7b29c80 Exception <a 'sun/nio/fs/WindowsException'{0x00000000a6f52628}> (0x00000000a6f52628) 
thrown [s\open\src\hotspot\share\prims\jni.cpp, line 516]
Event: 465.145 Thread 0x00000188b384e9e0 Exception <a 'sun/nio/fs/WindowsException'{0x00000000a6b98dd8}> (0x00000000a6b98dd8) 
thrown [s\open\src\hotspot\share\prims\jni.cpp, line 516]
Event: 467.532 Thread 0x00000188dae12a70 Exception <a 'java/lang/NoSuchMethodError'{0x00000000b968cae0}: 'long java.lang.invoke.DirectMethodHandle$Holder.invokeStatic(java.lang.Object, java.lang.Object, java.lang.Object)'> (0x00000000b968cae0) 
thrown [s\open\src\hotspot\share\interpreter\linkResolver.cpp, line 759]
Event: 467.533 Thread 0x00000188d4e8bf70 Exception <a 'java/lang/NoSuchMethodError'{0x00000000b97059e0}: 'long java.lang.invoke.DirectMethodHandle$Holder.invokeStatic(java.lang.Object, java.lang.Object, java.lang.Object)'> (0x00000000b97059e0) 
thrown [s\open\src\hotspot\share\interpreter\linkResolver.cpp, line 759]

VM Operations (20 events):
Event: 465.704 Executing VM operation: G1Concurrent
Event: 465.776 Executing VM operation: G1Concurrent done
Event: 465.777 Executing VM operation: HandshakeAllThreads
Event: 465.783 Executing VM operation: HandshakeAllThreads done
Event: 465.885 Executing VM operation: HandshakeAllThreads
Event: 465.943 Executing VM operation: HandshakeAllThreads done
Event: 465.995 Executing VM operation: G1Concurrent
Event: 466.002 Executing VM operation: G1Concurrent done
Event: 466.006 Executing VM operation: G1CollectForAllocation
Event: 466.018 Executing VM operation: G1CollectForAllocation done
Event: 466.353 Executing VM operation: G1CollectForAllocation
Event: 466.374 Executing VM operation: G1CollectForAllocation done
Event: 467.014 Executing VM operation: G1CollectForAllocation
Event: 467.036 Executing VM operation: G1CollectForAllocation done
Event: 467.524 Executing VM operation: HandshakeAllThreads
Event: 467.525 Executing VM operation: HandshakeAllThreads done
Event: 467.530 Executing VM operation: HandshakeAllThreads
Event: 467.531 Executing VM operation: HandshakeAllThreads done
Event: 467.539 Executing VM operation: HandshakeAllThreads
Event: 467.539 Executing VM operation: HandshakeAllThreads done

Events (20 events):
Event: 467.442 Thread 0x00000188e42c3ea0 Thread exited: 0x00000188e42c3ea0
Event: 467.488 loading class java/util/concurrent/ForkJoinTask$AdaptedCallable
Event: 467.488 loading class java/util/concurrent/ForkJoinTask$AdaptedCallable done
Event: 467.489 loading class java/util/concurrent/ForkJoinPool$DefaultForkJoinWorkerThreadFactory$1
Event: 467.491 loading class java/util/concurrent/ForkJoinPool$DefaultForkJoinWorkerThreadFactory$1 done
Event: 467.492 Thread 0x00000188e5e15a80 Thread added: 0x00000188e5e15a80
Event: 467.498 Thread 0x00000188e5c00c20 Thread added: 0x00000188e5c00c20
Event: 467.508 Thread 0x00000188e5c3cda0 Thread added: 0x00000188e5c3cda0
Event: 467.509 Thread 0x00000188e5c3c890 Thread added: 0x00000188e5c3c890
Event: 467.512 Thread 0x00000188d4e8bf70 Thread added: 0x00000188d4e8bf70
Event: 467.513 Thread 0x00000188b3856360 Thread added: 0x00000188b3856360
Event: 467.517 Thread 0x00000188e5c3b450 Thread added: 0x00000188e5c3b450
Event: 467.518 Thread 0x00000188d4e8d3b0 Thread added: 0x00000188d4e8d3b0
Event: 467.518 loading class java/nio/HeapShortBuffer
Event: 467.519 loading class java/nio/HeapShortBuffer done
Event: 467.521 Thread 0x00000188e1b0aec0 Thread added: 0x00000188e1b0aec0
Event: 467.524 Thread 0x00000188e5c00710 Thread added: 0x00000188e5c00710
Event: 467.527 Thread 0x00000188dae12a70 Thread added: 0x00000188dae12a70
Event: 467.528 Thread 0x00000188d8c97a80 Thread added: 0x00000188d8c97a80
Event: 467.535 Thread 0x00000188e2c7ef40 Thread added: 0x00000188e2c7ef40


Dynamic libraries:
0x00007ff7a75e0000 - 0x00007ff7a75f0000 	C:\Program Files\Java\jdk-17\bin\java.exe
0x00007ff8e6a10000 - 0x00007ff8e6c28000 	C:\WINDOWS\SYSTEM32\ntdll.dll
0x00007ff899780000 - 0x00007ff8997a1000 	C:\Program Files\Avast Software\Avast\aswhook.dll
0x00007ff8e5500000 - 0x00007ff8e55c4000 	C:\WINDOWS\System32\KERNEL32.DLL
0x00007ff8e3ec0000 - 0x00007ff8e4293000 	C:\WINDOWS\System32\KERNELBASE.dll
0x00007ff8e4510000 - 0x00007ff8e4621000 	C:\WINDOWS\System32\ucrtbase.dll
0x00007ff8c0ae0000 - 0x00007ff8c0afb000 	C:\Program Files\Java\jdk-17\bin\VCRUNTIME140.dll
0x00007ff8bba30000 - 0x00007ff8bba49000 	C:\Program Files\Java\jdk-17\bin\jli.dll
0x00007ff8e67a0000 - 0x00007ff8e6851000 	C:\WINDOWS\System32\ADVAPI32.dll
0x00007ff8e5b00000 - 0x00007ff8e5ba7000 	C:\WINDOWS\System32\msvcrt.dll
0x00007ff8e4c80000 - 0x00007ff8e4d28000 	C:\WINDOWS\System32\sechost.dll
0x00007ff8e3be0000 - 0x00007ff8e3c08000 	C:\WINDOWS\System32\bcrypt.dll
0x00007ff8e6450000 - 0x00007ff8e6568000 	C:\WINDOWS\System32\RPCRT4.dll
0x00007ff8e65e0000 - 0x00007ff8e6792000 	C:\WINDOWS\System32\USER32.dll
0x00007ff8e4340000 - 0x00007ff8e4366000 	C:\WINDOWS\System32\win32u.dll
0x00007ff8c4980000 - 0x00007ff8c4c1c000 	C:\WINDOWS\WinSxS\amd64_microsoft.windows.common-controls_6595b64144ccf1df_6.0.22621.6060_none_2712eda17382d24b\COMCTL32.dll
0x00007ff8e4a50000 - 0x00007ff8e4a79000 	C:\WINDOWS\System32\GDI32.dll
0x00007ff8e43f0000 - 0x00007ff8e450b000 	C:\WINDOWS\System32\gdi32full.dll
0x00007ff8e42a0000 - 0x00007ff8e433a000 	C:\WINDOWS\System32\msvcp_win.dll
0x00007ff8d5ef0000 - 0x00007ff8d5efa000 	C:\WINDOWS\SYSTEM32\VERSION.dll
0x00007ff8e5450000 - 0x00007ff8e5481000 	C:\WINDOWS\System32\IMM32.DLL
0x00007ff8d9c90000 - 0x00007ff8d9c9c000 	C:\Program Files\Java\jdk-17\bin\vcruntime140_1.dll
0x00007ff8bb310000 - 0x00007ff8bb39e000 	C:\Program Files\Java\jdk-17\bin\msvcp140.dll
0x00007ff8a4c50000 - 0x00007ff8a5830000 	C:\Program Files\Java\jdk-17\bin\server\jvm.dll
0x00007ff8e4a40000 - 0x00007ff8e4a48000 	C:\WINDOWS\System32\PSAPI.DLL
0x00007ff8bf7d0000 - 0x00007ff8bf7d9000 	C:\WINDOWS\SYSTEM32\WSOCK32.dll
0x00007ff8dc8b0000 - 0x00007ff8dc8e4000 	C:\WINDOWS\SYSTEM32\WINMM.dll
0x00007ff8e5a80000 - 0x00007ff8e5af1000 	C:\WINDOWS\System32\WS2_32.dll
0x00007ff8e2ac0000 - 0x00007ff8e2ad8000 	C:\WINDOWS\SYSTEM32\kernel.appcore.dll
0x00007ff8d8fa0000 - 0x00007ff8d8faa000 	C:\Program Files\Java\jdk-17\bin\jimage.dll
0x00007ff8e1340000 - 0x00007ff8e1573000 	C:\WINDOWS\SYSTEM32\DBGHELP.DLL
0x00007ff8e56e0000 - 0x00007ff8e5a71000 	C:\WINDOWS\System32\combase.dll
0x00007ff8e4d40000 - 0x00007ff8e4e18000 	C:\WINDOWS\System32\OLEAUT32.dll
0x00007ff8cf1c0000 - 0x00007ff8cf1f2000 	C:\WINDOWS\SYSTEM32\dbgcore.DLL
0x00007ff8e4370000 - 0x00007ff8e43eb000 	C:\WINDOWS\System32\bcryptPrimitives.dll
0x00007ff8af5c0000 - 0x00007ff8af5ce000 	C:\Program Files\Java\jdk-17\bin\instrument.dll
0x00007ff8bb2e0000 - 0x00007ff8bb305000 	C:\Program Files\Java\jdk-17\bin\java.dll
0x00007ff8b0260000 - 0x00007ff8b0337000 	C:\Program Files\Java\jdk-17\bin\jsvml.dll
0x00007ff8e5bb0000 - 0x00007ff8e644c000 	C:\WINDOWS\System32\SHELL32.dll
0x00007ff8e3d80000 - 0x00007ff8e3ebf000 	C:\WINDOWS\System32\wintypes.dll
0x00007ff8e19d0000 - 0x00007ff8e22ea000 	C:\WINDOWS\SYSTEM32\windows.storage.dll
0x00007ff8e4a80000 - 0x00007ff8e4b84000 	C:\WINDOWS\System32\SHCORE.dll
0x00007ff8e5490000 - 0x00007ff8e54f9000 	C:\WINDOWS\System32\shlwapi.dll
0x00007ff8e3a50000 - 0x00007ff8e3a75000 	C:\WINDOWS\SYSTEM32\profapi.dll
0x00007ff8bb280000 - 0x00007ff8bb298000 	C:\Program Files\Java\jdk-17\bin\zip.dll
0x00007ff8bb2c0000 - 0x00007ff8bb2d9000 	C:\Program Files\Java\jdk-17\bin\net.dll
0x00007ff8dcd70000 - 0x00007ff8dce9c000 	C:\WINDOWS\SYSTEM32\WINHTTP.dll
0x00007ff8e2f80000 - 0x00007ff8e2fe9000 	C:\WINDOWS\system32\mswsock.dll
0x00007ff8bb2a0000 - 0x00007ff8bb2b6000 	C:\Program Files\Java\jdk-17\bin\nio.dll
0x00007ff8c0ad0000 - 0x00007ff8c0ae0000 	C:\Program Files\Java\jdk-17\bin\verify.dll
0x00007ff8bb250000 - 0x00007ff8bb277000 	C:\Users\tejas\.gradle\native\c067742578af261105cb4f569cf0c3c89f3d7b1fecec35dd04571415982c5e48\windows-amd64\native-platform.dll
0x00007ff8a5880000 - 0x00007ff8a59c4000 	C:\Users\tejas\.gradle\native\100fb08df4bc3b14c8652ba06237920a3bd2aa13389f12d3474272988ae205f9\windows-amd64\native-platform-file-events.dll
0x00007ff8c09b0000 - 0x00007ff8c09ba000 	C:\Program Files\Java\jdk-17\bin\management.dll
0x00007ff8af5d0000 - 0x00007ff8af5db000 	C:\Program Files\Java\jdk-17\bin\management_ext.dll
0x00007ff8e3220000 - 0x00007ff8e323b000 	C:\WINDOWS\SYSTEM32\CRYPTSP.dll
0x00007ff8e2a20000 - 0x00007ff8e2a57000 	C:\WINDOWS\system32\rsaenh.dll
0x00007ff8e3020000 - 0x00007ff8e3048000 	C:\WINDOWS\SYSTEM32\USERENV.dll
0x00007ff8e3180000 - 0x00007ff8e318c000 	C:\WINDOWS\SYSTEM32\CRYPTBASE.dll
0x00007ff8e2550000 - 0x00007ff8e257d000 	C:\WINDOWS\SYSTEM32\IPHLPAPI.DLL
0x00007ff8e4d30000 - 0x00007ff8e4d39000 	C:\WINDOWS\System32\NSI.dll
0x00007ff8d9590000 - 0x00007ff8d95a9000 	C:\WINDOWS\SYSTEM32\dhcpcsvc6.DLL
0x00007ff8d9350000 - 0x00007ff8d936f000 	C:\WINDOWS\SYSTEM32\dhcpcsvc.DLL
0x00007ff8e25c0000 - 0x00007ff8e26b8000 	C:\WINDOWS\SYSTEM32\DNSAPI.dll
0x00007ff8af5b0000 - 0x00007ff8af5be000 	C:\Program Files\Java\jdk-17\bin\sunmscapi.dll
0x00007ff8e3c10000 - 0x00007ff8e3d78000 	C:\WINDOWS\System32\CRYPT32.dll
0x00007ff8e33f0000 - 0x00007ff8e341e000 	C:\WINDOWS\SYSTEM32\ncrypt.dll
0x00007ff8e33b0000 - 0x00007ff8e33e7000 	C:\WINDOWS\SYSTEM32\NTASN1.dll
0x00007ff8adcf0000 - 0x00007ff8adcf8000 	C:\WINDOWS\system32\wshunix.dll
0x00007ff8e2bd0000 - 0x00007ff8e2c04000 	C:\WINDOWS\SYSTEM32\ntmarta.dll
0x00007ff8b4310000 - 0x00007ff8b4327000 	C:\WINDOWS\system32\napinsp.dll
0x00007ff8b42f0000 - 0x00007ff8b430b000 	C:\WINDOWS\system32\pnrpnsp.dll
0x00007ff8b42c0000 - 0x00007ff8b42e1000 	C:\WINDOWS\system32\nlansp_c.dll
0x00007ff8b42a0000 - 0x00007ff8b42b1000 	C:\WINDOWS\System32\winrnr.dll
0x00007ff8d8c20000 - 0x00007ff8d8c35000 	C:\WINDOWS\system32\wshbth.dll
0x00007ff8d9580000 - 0x00007ff8d958a000 	C:\Windows\System32\rasadhlp.dll
0x00007ff8d7960000 - 0x00007ff8d79e4000 	C:\WINDOWS\System32\fwpuclnt.dll
0x00007ff8da720000 - 0x00007ff8da73e000 	C:\Users\tejas\AppData\Local\Temp\native-platform11134029958542991903dir\native-platform.dll
0x00007ff8da710000 - 0x00007ff8da717000 	C:\Program Files\Java\jdk-17\bin\rmi.dll
0x00007ff8dc810000 - 0x00007ff8dc8a7000 	C:\WINDOWS\system32\apphelp.dll

dbghelp: loaded successfully - version: 4.0.5 - missing functions: none
symbol engine: initialized successfully - sym options: 0x614 - pdb path: .;C:\Program Files\Java\jdk-17\bin;C:\WINDOWS\SYSTEM32;C:\Program Files\Avast Software\Avast;C:\WINDOWS\WinSxS\amd64_microsoft.windows.common-controls_6595b64144ccf1df_6.0.22621.6060_none_2712eda17382d24b;C:\Program Files\Java\jdk-17\bin\server;C:\Users\tejas\.gradle\native\c067742578af261105cb4f569cf0c3c89f3d7b1fecec35dd04571415982c5e48\windows-amd64;C:\Users\tejas\.gradle\native\100fb08df4bc3b14c8652ba06237920a3bd2aa13389f12d3474272988ae205f9\windows-amd64;C:\Users\tejas\AppData\Local\Temp\native-platform11134029958542991903dir

VM Arguments:
jvm_args: -XX:MaxMetaspaceSize=512m --add-opens=java.base/java.util=ALL-UNNAMED --add-opens=java.base/java.lang=ALL-UNNAMED --add-opens=java.base/java.lang.invoke=ALL-UNNAMED --add-opens=java.prefs/java.util.prefs=ALL-UNNAMED --add-opens=java.base/java.nio.charset=ALL-UNNAMED --add-opens=java.base/java.net=ALL-UNNAMED --add-opens=java.base/java.util.concurrent.atomic=ALL-UNNAMED -Xmx2048m -Dfile.encoding=windows-1252 -Duser.country=IN -Duser.language=en -Duser.variant -javaagent:C:\Users\tejas\.gradle\wrapper\dists\gradle-8.8-all\6gdy1pgp427xkqcjbxw3ylt6h\gradle-8.8\lib\agents\gradle-instrumentation-agent-8.8.jar 
java_command: org.gradle.launcher.daemon.bootstrap.GradleDaemon 8.8
java_class_path (initial): C:\Users\tejas\.gradle\wrapper\dists\gradle-8.8-all\6gdy1pgp427xkqcjbxw3ylt6h\gradle-8.8\lib\gradle-launcher-8.8.jar
Launcher Type: SUN_STANDARD

[Global flags]
     intx CICompilerCount                          = 4                                         {product} {ergonomic}
   size_t CompressedClassSpaceSize                 = 436207616                                 {product} {ergonomic}
     uint ConcGCThreads                            = 3                                         {product} {ergonomic}
     uint G1ConcRefinementThreads                  = 10                                        {product} {ergonomic}
   size_t G1HeapRegionSize                         = 1048576                                   {product} {ergonomic}
    uintx GCDrainStackTargetSize                   = 64                                        {product} {ergonomic}
   size_t InitialHeapSize                          = 264241152                                 {product} {ergonomic}
   size_t MarkStackSize                            = 4194304                                   {product} {ergonomic}
   size_t MaxHeapSize                              = 2147483648                                {product} {command line}
   size_t MaxMetaspaceSize                         = 536870912                                 {product} {command line}
   size_t MaxNewSize                               = 1287651328                                {product} {ergonomic}
   size_t MinHeapDeltaBytes                        = 1048576                                   {product} {ergonomic}
   size_t MinHeapSize                              = 8388608                                   {product} {ergonomic}
    uintx NonNMethodCodeHeapSize                   = 5839372                                {pd product} {ergonomic}
    uintx NonProfiledCodeHeapSize                  = 122909434                              {pd product} {ergonomic}
    uintx ProfiledCodeHeapSize                     = 122909434                              {pd product} {ergonomic}
    uintx ReservedCodeCacheSize                    = 251658240                              {pd product} {ergonomic}
     bool SegmentedCodeCache                       = true                                      {product} {ergonomic}
   size_t SoftMaxHeapSize                          = 2147483648                             {manageable} {ergonomic}
     bool UseCompressedClassPointers               = true                           {product lp64_product} {ergonomic}
     bool UseCompressedOops                        = true                           {product lp64_product} {ergonomic}
     bool UseG1GC                                  = true                                      {product} {ergonomic}
     bool UseLargePagesIndividualAllocation        = false                                  {pd product} {ergonomic}

Logging:
Log output configuration:
 #0: stdout all=warning uptime,level,tags
 #1: stderr all=off uptime,level,tags

Environment Variables:
JAVA_HOME=C:\Program Files\Java\jdk-17
CLASSPATH=C:\nirbhava-dev1\android\\gradle\wrapper\gradle-wrapper.jar
PATH=C:\nirbhava-dev1\node_modules\.bin;C:\nirbhava-dev1\node_modules\.bin;C:\node_modules\.bin;C:\Program Files\nodejs\node_modules\npm\node_modules\@npmcli\run-script\lib\node-gyp-bin;C:\nirbhava-dev1\node_modules\.bin;C:\nirbhava-dev1\node_modules\.bin;C:\node_modules\.bin;C:\Program Files\nodejs\node_modules\npm\node_modules\@npmcli\run-script\lib\node-gyp-bin;C:\Program Files\Common Files\Oracle\Java\javapath;C:\WINDOWS\system32;C:\WINDOWS;C:\WINDOWS\System32\Wbem;C:\WINDOWS\System32\WindowsPowerShell\v1.0\;C:\WINDOWS\System32\OpenSSH\;C:\Program Files\HP\HP One Agent;C:\Program Files\nodejs\;%JAVA_HOME%\bin;C:\Users\tejas\AppData\Local\Android\Sdk\platform-tools;C:\Users\tejas\AppData\Local\Android\Sdk\emulator;C:\Users\tejas\AppData\Local\Android\Sdk\tools;C:\Users\tejas\AppData\Local\Android\Sdk\tools\bin;C:\Program Files\Git\cmd;C:\Program Files\Git\bin;C:\Users\tejas\AppData\Local\Android\Sdk\platform-tools;C:\Users\tejas\AppData\Local\Android\Sdk\tools;C:\Users\tejas\AppData\Local\Microsoft\WindowsApps;C:\Users\tejas\AppData\Local\GitHubDesktop\bin;D:\TEJASHWINI T\Microsoft VS Code\bin;C:\Users\tejas\AppData\Roaming\npm;
USERNAME=tejas
LANG=en_US.UTF-8
OS=Windows_NT
PROCESSOR_IDENTIFIER=Intel64 Family 6 Model 154 Stepping 4, GenuineIntel



---------------  S Y S T E M  ---------------

OS:
 Windows 11 , 64 bit Build 22621 (10.0.22621.5415)
OS uptime: 0 days 0:17 hours
Hyper-V role detected

CPU: total 12 (initial active 12) (6 cores per cpu, 2 threads per core) family 6 model 154 stepping 4 microcode 0x432, cx8, cmov, fxsr, ht, mmx, 3dnowpref, sse, sse2, sse3, ssse3, sse4.1, sse4.2, popcnt, lzcnt, tsc, tscinvbit, avx, avx2, aes, erms, clmul, bmi1, bmi2, adx, sha, fma, vzeroupper, clflush, clflushopt, clwb, hv

Memory: 4k page, system-wide physical 16027M (457M free)
TotalPageFile size 16924M (AvailPageFile size 6M)
current process WorkingSet (physical memory assigned to process): 1360M, peak: 1360M
current process commit charge ("private bytes"): 1628M, peak: 1630M

vm_info: Java HotSpot(TM) 64-Bit Server VM (17.0.12+8-LTS-286) for windows-amd64 JRE (17.0.12+8-LTS-286), built on Jun  5 2024 06:46:59 by "mach5one" with MS VC++ 17.6 (VS2022)

END.
