#
# There is insufficient memory for the Java Runtime Environment to continue.
# Native memory allocation (mmap) failed to map 22020096 bytes for G1 virtual space
# Possible reasons:
#   The system is out of physical RAM or swap space
#   The process is running with CompressedOops enabled, and the Java Heap may be blocking the growth of the native heap
# Possible solutions:
#   Reduce memory load on the system
#   Increase physical memory or swap space
#   Check if swap backing store is full
#   Decrease Java heap size (-Xmx/-Xms)
#   Decrease number of Java threads
#   Decrease Java thread stack sizes (-Xss)
#   Set larger code cache with -XX:ReservedCodeCacheSize=
#   JVM is running with Unscaled Compressed Oops mode in which the Java heap is
#     placed in the first 4GB address space. The Java Heap base address is the
#     maximum limit for the native heap growth. Please use -XX:HeapBaseMinAddress
#     to set the Java Heap base and to place the Java Heap above 4GB virtual address.
# This output file may be truncated or incomplete.
#
#  Out of Memory Error (os_windows.cpp:3548), pid=10564, tid=5148
#
# JRE version: Java(TM) SE Runtime Environment (17.0.12+8) (build 17.0.12+8-LTS-286)
# Java VM: Java HotSpot(TM) 64-Bit Server VM (17.0.12+8-LTS-286, mixed mode, sharing, tiered, compressed oops, compressed class ptrs, g1 gc, windows-amd64)
# No core dump will be written. Minidumps are not enabled by default on client versions of Windows
#

---------------  S U M M A R Y ------------

Command Line: -XX:MaxMetaspaceSize=512m --add-opens=java.base/java.util=ALL-UNNAMED --add-opens=java.base/java.lang=ALL-UNNAMED --add-opens=java.base/java.lang.invoke=ALL-UNNAMED --add-opens=java.prefs/java.util.prefs=ALL-UNNAMED --add-opens=java.base/java.nio.charset=ALL-UNNAMED --add-opens=java.base/java.net=ALL-UNNAMED --add-opens=java.base/java.util.concurrent.atomic=ALL-UNNAMED -Xmx2048m -Dfile.encoding=windows-1252 -Duser.country=IN -Duser.language=en -Duser.variant -javaagent:C:\Users\tejas\.gradle\wrapper\dists\gradle-8.8-all\6gdy1pgp427xkqcjbxw3ylt6h\gradle-8.8\lib\agents\gradle-instrumentation-agent-8.8.jar org.gradle.launcher.daemon.bootstrap.GradleDaemon 8.8

Host: 12th Gen Intel(R) Core(TM) i5-1235U, 12 cores, 15G,  Windows 11 , 64 bit Build 22621 (10.0.22621.5415)
Time: Sat May 23 18:06:57 2026 India Standard Time elapsed time: 44.539821 seconds (0d 0h 0m 44s)

---------------  T H R E A D  ---------------

Current thread (0x0000024df49008e0):  VMThread "VM Thread" [stack: 0x000000e905100000,0x000000e905200000] [id=5148]

Stack: [0x000000e905100000,0x000000e905200000]
Native frames: (J=compiled Java code, j=interpreted, Vv=VM code, C=native code)
V  [jvm.dll+0x67a04a]
V  [jvm.dll+0x7da4ed]
V  [jvm.dll+0x7dbe33]
V  [jvm.dll+0x7dc4a3]
V  [jvm.dll+0x24508f]
V  [jvm.dll+0x677089]
V  [jvm.dll+0x66bd32]
V  [jvm.dll+0x301fa6]
V  [jvm.dll+0x309546]
V  [jvm.dll+0x359d2e]
V  [jvm.dll+0x359f5f]
V  [jvm.dll+0x2d9078]
V  [jvm.dll+0x2d74ad]
V  [jvm.dll+0x2d6afc]
V  [jvm.dll+0x31a65b]
V  [jvm.dll+0x7e0d9b]
V  [jvm.dll+0x7e1ad4]
V  [jvm.dll+0x7e1fed]
V  [jvm.dll+0x7e23c4]
V  [jvm.dll+0x7e2490]
V  [jvm.dll+0x78abea]
V  [jvm.dll+0x678f35]
C  [ucrtbase.dll+0x29333]
C  [KERNEL32.DLL+0x1259d]
C  [ntdll.dll+0x5af78]

VM_Operation (0x000000e9070fed00): G1CollectForAllocation, mode: safepoint, requested by thread 0x0000024dfacab9b0


---------------  P R O C E S S  ---------------

Threads class SMR info:
_java_thread_list=0x0000024dfcf04410, length=194, elements={
0x0000024dd64e0c20, 0x0000024df490b330, 0x0000024df490c190, 0x0000024df491bc40,
0x0000024df491c710, 0x0000024df491f0c0, 0x0000024df491fc70, 0x0000024df4920920,
0x0000024df4923cc0, 0x0000024df49315d0, 0x0000024df48f24c0, 0x0000024df4deaca0,
0x0000024dfa795420, 0x0000024dfab21090, 0x0000024dfa9d2100, 0x0000024dfac90110,
0x0000024dfac8d500, 0x0000024dfacab4a0, 0x0000024dfaca9640, 0x0000024dfacaaf90,
0x0000024dfaca9b50, 0x0000024dfaca8c20, 0x0000024dfacaa060, 0x0000024dfacaaa80,
0x0000024dfacab9b0, 0x0000024dfaca8200, 0x0000024dfaca8710, 0x0000024dfaca9130,
0x0000024dfc056ba0, 0x0000024dfc051590, 0x0000024dfc057fe0, 0x0000024dfc051080,
0x0000024dfc057ad0, 0x0000024dfc050b70, 0x0000024dfc0584f0, 0x0000024dfc055250,
0x0000024dfc0570b0, 0x0000024dfc055760, 0x0000024dfc051aa0, 0x0000024dfc051fb0,
0x0000024dfc0524c0, 0x0000024dfc052ee0, 0x0000024dfc056180, 0x0000024dfc0533f0,
0x0000024dfc053900, 0x0000024dfc053e10, 0x0000024dfc054d40, 0x0000024dfc054320,
0x0000024dfc054830, 0x0000024dfc055c70, 0x0000024dfc056690, 0x0000024dfdc0e9f0,
0x0000024dfdc0d5b0, 0x0000024dfdc07580, 0x0000024dfdc0b240, 0x0000024dfdc0e4e0,
0x0000024dfdc093e0, 0x0000024dfdc098f0, 0x0000024dfdc0ef00, 0x0000024dfdc0b750,
0x0000024dfdc07a90, 0x0000024dfdc0dac0, 0x0000024dfdc0a820, 0x0000024dfdc07fa0,
0x0000024dfdc084b0, 0x0000024dfdc089c0, 0x0000024dfdc09e00, 0x0000024dfdc08ed0,
0x0000024dfdc0a310, 0x0000024dfdc0ad30, 0x0000024dfdc0c680, 0x0000024dfdc0dfd0,
0x0000024dfdc0bc60, 0x0000024dfdc0c170, 0x0000024dfdc0cb90, 0x0000024dfdc0d0a0,
0x0000024dfc5fb100, 0x0000024dfc5fde90, 0x0000024dfc5fc540, 0x0000024dfc5fca50,
0x0000024dfc5fe8b0, 0x0000024dfc5fcf60, 0x0000024dfc5fe3a0, 0x0000024dfc5fd470,
0x0000024dfc5fd980, 0x0000024dfd8080f0, 0x0000024dfd809f50, 0x0000024dfd808600,
0x0000024dfd808b10, 0x0000024dfd809530, 0x0000024dfd8071c0, 0x0000024dfd80a460,
0x0000024dfd809a40, 0x0000024dfd8076d0, 0x0000024dfd806cb0, 0x0000024dfd807be0,
0x0000024dfd809020, 0x0000024df94ae360, 0x0000024df94afcb0, 0x0000024df94b1600,
0x0000024df94ae870, 0x0000024df94ac500, 0x0000024df94af290, 0x0000024df94b01c0,
0x0000024df94acf20, 0x0000024df94ad430, 0x0000024df94ad940, 0x0000024df94abff0,
0x0000024df94b06d0, 0x0000024df94aca10, 0x0000024df94ade50, 0x0000024df94af7a0,
0x0000024df94b1b10, 0x0000024df94aed80, 0x0000024df94b0be0, 0x0000024df94b3460,
0x0000024df94b10f0, 0x0000024df94b2020, 0x0000024df94b2530, 0x0000024df94b2a40,
0x0000024df94b2f50, 0x0000024df94b3970, 0x0000024dfc89f7d0, 0x0000024dfc89e390,
0x0000024dfc8a2a70, 0x0000024dfc89edb0, 0x0000024dfc89f2c0, 0x0000024dfc89d460,
0x0000024dfc8a3490, 0x0000024dfc89fce0, 0x0000024dfc8a01f0, 0x0000024dfc8a1120,
0x0000024dfc8a2050, 0x0000024dfc8a2560, 0x0000024dfc8a2f80, 0x0000024dfc89d970,
0x0000024dfc8a39a0, 0x0000024dfc89de80, 0x0000024dfc8a0700, 0x0000024dfc8a0c10,
0x0000024dfc8a1b40, 0x0000024dfc8a3eb0, 0x0000024dfc8a43c0, 0x0000024dfc89cf50,
0x0000024dfc8a48d0, 0x0000024dfc89e8a0, 0x0000024dfa2192f0, 0x0000024dfa213ce0,
0x0000024dfa218de0, 0x0000024dfa214c10, 0x0000024dfa215120, 0x0000024dfa215630,
0x0000024dfa217eb0, 0x0000024dfa219800, 0x0000024dfa216050, 0x0000024dfa212db0,
0x0000024dfa217490, 0x0000024dfa2183c0, 0x0000024dfa215b40, 0x0000024dfa216560,
0x0000024dfa216a70, 0x0000024dfa216f80, 0x0000024dfa2137d0, 0x0000024dfa2188d0,
0x0000024dfa219d10, 0x0000024dfa214700, 0x0000024dfa2141f0, 0x0000024dfa2128a0,
0x0000024dfa21a220, 0x0000024dfb0b7270, 0x0000024dfb0b5410, 0x0000024dfb0afe00,
0x0000024dfb0b7780, 0x0000024dfb0b1240, 0x0000024dfb0b5920, 0x0000024dfb0b3fd0,
0x0000024dfb0b0d30, 0x0000024dfb0b49f0, 0x0000024dfb0b35b0, 0x0000024dfb0b0310,
0x0000024dfb0b1750, 0x0000024dfb0b0820, 0x0000024dfb0b5e30, 0x0000024dfb0b2680,
0x0000024dfb0b2b90, 0x0000024dfb0b30a0, 0x0000024dfa2179a0, 0x0000024df9f9f910,
0x0000024df9fa35d0, 0x0000024df9fa2190, 0x0000024df9fa3ae0, 0x0000024df9fa5430,
0x0000024df9f9e9e0, 0x0000024dfe8ad960
}

Java Threads: ( => current thread )
  0x0000024dd64e0c20 JavaThread "main" [_thread_blocked, id=16628, stack(0x000000e904b00000,0x000000e904c00000)]
  0x0000024df490b330 JavaThread "Reference Handler" daemon [_thread_blocked, id=4560, stack(0x000000e905200000,0x000000e905300000)]
  0x0000024df490c190 JavaThread "Finalizer" daemon [_thread_blocked, id=8408, stack(0x000000e905300000,0x000000e905400000)]
  0x0000024df491bc40 JavaThread "Signal Dispatcher" daemon [_thread_blocked, id=17048, stack(0x000000e905400000,0x000000e905500000)]
  0x0000024df491c710 JavaThread "Attach Listener" daemon [_thread_blocked, id=10840, stack(0x000000e905500000,0x000000e905600000)]
  0x0000024df491f0c0 JavaThread "Service Thread" daemon [_thread_blocked, id=16264, stack(0x000000e905600000,0x000000e905700000)]
  0x0000024df491fc70 JavaThread "Monitor Deflation Thread" daemon [_thread_blocked, id=1668, stack(0x000000e905700000,0x000000e905800000)]
  0x0000024df4920920 JavaThread "C2 CompilerThread0" daemon [_thread_in_native, id=9452, stack(0x000000e905800000,0x000000e905900000)]
  0x0000024df4923cc0 JavaThread "C1 CompilerThread0" daemon [_thread_blocked, id=4812, stack(0x000000e905900000,0x000000e905a00000)]
  0x0000024df49315d0 JavaThread "Sweeper thread" daemon [_thread_blocked, id=20132, stack(0x000000e905a00000,0x000000e905b00000)]
  0x0000024df48f24c0 JavaThread "Common-Cleaner" daemon [_thread_blocked, id=5516, stack(0x000000e905b00000,0x000000e905c00000)]
  0x0000024df4deaca0 JavaThread "Notification Thread" daemon [_thread_blocked, id=22556, stack(0x000000e905d00000,0x000000e905e00000)]
  0x0000024dfa795420 JavaThread "Daemon health stats" [_thread_blocked, id=22608, stack(0x000000e906500000,0x000000e906600000)]
  0x0000024dfab21090 JavaThread "Incoming local TCP Connector on port 51542" [_thread_in_native, id=22632, stack(0x000000e905f00000,0x000000e906000000)]
  0x0000024dfa9d2100 JavaThread "Daemon periodic checks" [_thread_blocked, id=22640, stack(0x000000e906600000,0x000000e906700000)]
  0x0000024dfac90110 JavaThread "Daemon" [_thread_blocked, id=22656, stack(0x000000e906700000,0x000000e906800000)]
  0x0000024dfac8d500 JavaThread "Handler for socket connection from /127.0.0.1:51542 to /127.0.0.1:51543" [_thread_in_native, id=22660, stack(0x000000e906800000,0x000000e906900000)]
  0x0000024dfacab4a0 JavaThread "Cancel handler" [_thread_blocked, id=22664, stack(0x000000e906900000,0x000000e906a00000)]
  0x0000024dfaca9640 JavaThread "Daemon worker" [_thread_blocked, id=22668, stack(0x000000e906a00000,0x000000e906b00000)]
  0x0000024dfacaaf90 JavaThread "Asynchronous log dispatcher for DefaultDaemonConnection: socket connection from /127.0.0.1:51542 to /127.0.0.1:51543" [_thread_blocked, id=22680, stack(0x000000e906b00000,0x000000e906c00000)]
  0x0000024dfaca9b50 JavaThread "Stdin handler" [_thread_blocked, id=22684, stack(0x000000e906c00000,0x000000e906d00000)]
  0x0000024dfaca8c20 JavaThread "Daemon client event forwarder" [_thread_blocked, id=22688, stack(0x000000e906d00000,0x000000e906e00000)]
  0x0000024dfacaa060 JavaThread "Cache worker for journal cache (C:\Users\tejas\.gradle\caches\journal-1)" [_thread_blocked, id=22696, stack(0x000000e906e00000,0x000000e906f00000)]
  0x0000024dfacaaa80 JavaThread "File lock request listener" [_thread_in_native, id=22700, stack(0x000000e906f00000,0x000000e907000000)]
  0x0000024dfacab9b0 JavaThread "Cache worker for file hash cache (C:\Users\tejas\.gradle\caches\8.8\fileHashes)" [_thread_blocked, id=22708, stack(0x000000e907000000,0x000000e907100000)]
  0x0000024dfaca8200 JavaThread "File lock release action executor" [_thread_blocked, id=22712, stack(0x000000e907100000,0x000000e907200000)]
  0x0000024dfaca8710 JavaThread "Cache worker for file hash cache (C:\nirbhava-dev1\android\.gradle\8.8\fileHashes)" [_thread_blocked, id=22740, stack(0x000000e907600000,0x000000e907700000)]
  0x0000024dfaca9130 JavaThread "File watcher server" daemon [_thread_blocked, id=22744, stack(0x000000e907700000,0x000000e907800000)]
  0x0000024dfc056ba0 JavaThread "File watcher consumer" daemon [_thread_blocked, id=22748, stack(0x000000e907800000,0x000000e907900000)]
  0x0000024dfc051590 JavaThread "Cache worker for checksums cache (C:\nirbhava-dev1\android\.gradle\8.8\checksums)" [_thread_blocked, id=22760, stack(0x000000e907b00000,0x000000e907c00000)]
  0x0000024dfc057fe0 JavaThread "Cache worker for file content cache (C:\Users\tejas\.gradle\caches\8.8\fileContent)" [_thread_blocked, id=22764, stack(0x000000e907c00000,0x000000e907d00000)]
  0x0000024dfc051080 JavaThread "Cache worker for cache directory md-rule (C:\Users\tejas\.gradle\caches\8.8\md-rule)" [_thread_blocked, id=22768, stack(0x000000e907d00000,0x000000e907e00000)]
  0x0000024dfc057ad0 JavaThread "Cache worker for cache directory md-supplier (C:\Users\tejas\.gradle\caches\8.8\md-supplier)" [_thread_blocked, id=22784, stack(0x000000e907e00000,0x000000e907f00000)]
  0x0000024dfc050b70 JavaThread "jar transforms" [_thread_blocked, id=22812, stack(0x000000e908100000,0x000000e908200000)]
  0x0000024dfc0584f0 JavaThread "Unconstrained build operations" [_thread_blocked, id=22832, stack(0x000000e908000000,0x000000e908100000)]
  0x0000024dfc055250 JavaThread "Unconstrained build operations Thread 2" [_thread_blocked, id=22836, stack(0x000000e908200000,0x000000e908300000)]
  0x0000024dfc0570b0 JavaThread "Unconstrained build operations Thread 3" [_thread_blocked, id=22840, stack(0x000000e908300000,0x000000e908400000)]
  0x0000024dfc055760 JavaThread "Unconstrained build operations Thread 4" [_thread_blocked, id=22844, stack(0x000000e908400000,0x000000e908500000)]
  0x0000024dfc051aa0 JavaThread "Unconstrained build operations Thread 5" [_thread_blocked, id=22848, stack(0x000000e908500000,0x000000e908600000)]
  0x0000024dfc051fb0 JavaThread "Unconstrained build operations Thread 6" [_thread_blocked, id=22852, stack(0x000000e908600000,0x000000e908700000)]
  0x0000024dfc0524c0 JavaThread "Cache worker for Build Output Cleanup Cache (C:\nirbhava-dev1\node_modules\@react-native\gradle-plugin\.gradle\buildOutputCleanup)" [_thread_blocked, id=22856, stack(0x000000e908700000,0x000000e908800000)]
  0x0000024dfc052ee0 JavaThread "Unconstrained build operations Thread 7" [_thread_blocked, id=22936, stack(0x000000e908900000,0x000000e908a00000)]
  0x0000024dfc056180 JavaThread "Unconstrained build operations Thread 8" [_thread_blocked, id=22940, stack(0x000000e908a00000,0x000000e908b00000)]
  0x0000024dfc0533f0 JavaThread "Unconstrained build operations Thread 9" [_thread_blocked, id=22944, stack(0x000000e908b00000,0x000000e908c00000)]
  0x0000024dfc053900 JavaThread "Unconstrained build operations Thread 10" [_thread_blocked, id=22948, stack(0x000000e908c00000,0x000000e908d00000)]
  0x0000024dfc053e10 JavaThread "Unconstrained build operations Thread 11" [_thread_blocked, id=22952, stack(0x000000e908d00000,0x000000e908e00000)]
  0x0000024dfc054d40 JavaThread "Unconstrained build operations Thread 12" [_thread_blocked, id=22956, stack(0x000000e908e00000,0x000000e908f00000)]
  0x0000024dfc054320 JavaThread "Unconstrained build operations Thread 13" [_thread_blocked, id=22960, stack(0x000000e908f00000,0x000000e909000000)]
  0x0000024dfc054830 JavaThread "Unconstrained build operations Thread 14" [_thread_blocked, id=22964, stack(0x000000e909000000,0x000000e909100000)]
  0x0000024dfc055c70 JavaThread "Unconstrained build operations Thread 15" [_thread_blocked, id=22968, stack(0x000000e909100000,0x000000e909200000)]
  0x0000024dfc056690 JavaThread "Unconstrained build operations Thread 16" [_thread_blocked, id=22972, stack(0x000000e909200000,0x000000e909300000)]
  0x0000024dfdc0e9f0 JavaThread "Unconstrained build operations Thread 17" [_thread_blocked, id=22976, stack(0x000000e909300000,0x000000e909400000)]
  0x0000024dfdc0d5b0 JavaThread "Unconstrained build operations Thread 18" [_thread_blocked, id=22980, stack(0x000000e905c00000,0x000000e905d00000)]
  0x0000024dfdc07580 JavaThread "Unconstrained build operations Thread 19" [_thread_blocked, id=22984, stack(0x000000e908800000,0x000000e908900000)]
  0x0000024dfdc0b240 JavaThread "Unconstrained build operations Thread 20" [_thread_blocked, id=22988, stack(0x000000e909400000,0x000000e909500000)]
  0x0000024dfdc0e4e0 JavaThread "Unconstrained build operations Thread 21" [_thread_blocked, id=22992, stack(0x000000e909500000,0x000000e909600000)]
  0x0000024dfdc093e0 JavaThread "Unconstrained build operations Thread 22" [_thread_blocked, id=22996, stack(0x000000e909600000,0x000000e909700000)]
  0x0000024dfdc098f0 JavaThread "Unconstrained build operations Thread 23" [_thread_blocked, id=23000, stack(0x000000e909700000,0x000000e909800000)]
  0x0000024dfdc0ef00 JavaThread "Unconstrained build operations Thread 24" [_thread_blocked, id=23004, stack(0x000000e909800000,0x000000e909900000)]
  0x0000024dfdc0b750 JavaThread "Unconstrained build operations Thread 25" [_thread_blocked, id=23008, stack(0x000000e909900000,0x000000e909a00000)]
  0x0000024dfdc07a90 JavaThread "Unconstrained build operations Thread 26" [_thread_blocked, id=23012, stack(0x000000e909a00000,0x000000e909b00000)]
  0x0000024dfdc0dac0 JavaThread "Unconstrained build operations Thread 27" [_thread_blocked, id=23016, stack(0x000000e909b00000,0x000000e909c00000)]
  0x0000024dfdc0a820 JavaThread "Unconstrained build operations Thread 28" [_thread_blocked, id=23020, stack(0x000000e909c00000,0x000000e909d00000)]
  0x0000024dfdc07fa0 JavaThread "Unconstrained build operations Thread 29" [_thread_blocked, id=23032, stack(0x000000e909f00000,0x000000e90a000000)]
  0x0000024dfdc084b0 JavaThread "Unconstrained build operations Thread 30" [_thread_blocked, id=23036, stack(0x000000e90a000000,0x000000e90a100000)]
  0x0000024dfdc089c0 JavaThread "Unconstrained build operations Thread 31" [_thread_blocked, id=23040, stack(0x000000e90a100000,0x000000e90a200000)]
  0x0000024dfdc09e00 JavaThread "Unconstrained build operations Thread 32" [_thread_blocked, id=23044, stack(0x000000e90a200000,0x000000e90a300000)]
  0x0000024dfdc08ed0 JavaThread "Unconstrained build operations Thread 33" [_thread_blocked, id=23048, stack(0x000000e90a300000,0x000000e90a400000)]
  0x0000024dfdc0a310 JavaThread "Unconstrained build operations Thread 34" [_thread_blocked, id=23052, stack(0x000000e90a400000,0x000000e90a500000)]
  0x0000024dfdc0ad30 JavaThread "Unconstrained build operations Thread 35" [_thread_blocked, id=23056, stack(0x000000e90a500000,0x000000e90a600000)]
  0x0000024dfdc0c680 JavaThread "Unconstrained build operations Thread 36" [_thread_blocked, id=23060, stack(0x000000e90a600000,0x000000e90a700000)]
  0x0000024dfdc0dfd0 JavaThread "Unconstrained build operations Thread 37" [_thread_blocked, id=23064, stack(0x000000e90a700000,0x000000e90a800000)]
  0x0000024dfdc0bc60 JavaThread "Unconstrained build operations Thread 38" [_thread_blocked, id=23068, stack(0x000000e90a800000,0x000000e90a900000)]
  0x0000024dfdc0c170 JavaThread "Unconstrained build operations Thread 39" [_thread_blocked, id=23072, stack(0x000000e90a900000,0x000000e90aa00000)]
  0x0000024dfdc0cb90 JavaThread "Memory manager" [_thread_blocked, id=23088, stack(0x000000e90aa00000,0x000000e90ab00000)]
  0x0000024dfdc0d0a0 JavaThread "build event listener" [_thread_blocked, id=23104, stack(0x000000e909e00000,0x000000e909f00000)]
  0x0000024dfc5fb100 JavaThread "File lock release action executor Thread 2" [_thread_blocked, id=23108, stack(0x000000e90ab00000,0x000000e90ac00000)]
  0x0000024dfc5fde90 JavaThread "ForkJoinPool.commonPool-worker-1" daemon [_thread_blocked, id=23268, stack(0x000000e90ad00000,0x000000e90ae00000)]
  0x0000024dfc5fc540 JavaThread "ForkJoinPool.commonPool-worker-2" daemon [_thread_blocked, id=23272, stack(0x000000e90ae00000,0x000000e90af00000)]
  0x0000024dfc5fca50 JavaThread "ForkJoinPool.commonPool-worker-3" daemon [_thread_blocked, id=23276, stack(0x000000e90af00000,0x000000e90b000000)]
  0x0000024dfc5fe8b0 JavaThread "ForkJoinPool.commonPool-worker-4" daemon [_thread_blocked, id=23280, stack(0x000000e90b000000,0x000000e90b100000)]
  0x0000024dfc5fcf60 JavaThread "ForkJoinPool.commonPool-worker-5" daemon [_thread_blocked, id=23284, stack(0x000000e90b100000,0x000000e90b200000)]
  0x0000024dfc5fe3a0 JavaThread "ForkJoinPool.commonPool-worker-6" daemon [_thread_blocked, id=23288, stack(0x000000e90b200000,0x000000e90b300000)]
  0x0000024dfc5fd470 JavaThread "ForkJoinPool.commonPool-worker-7" daemon [_thread_blocked, id=23292, stack(0x000000e90b300000,0x000000e90b400000)]
  0x0000024dfc5fd980 JavaThread "ForkJoinPool.commonPool-worker-8" daemon [_thread_blocked, id=23296, stack(0x000000e90b400000,0x000000e90b500000)]
  0x0000024dfd8080f0 JavaThread "ForkJoinPool.commonPool-worker-9" daemon [_thread_blocked, id=23300, stack(0x000000e90b500000,0x000000e90b600000)]
  0x0000024dfd809f50 JavaThread "included builds" [_thread_blocked, id=23304, stack(0x000000e90b600000,0x000000e90b700000)]
  0x0000024dfd808600 JavaThread "Execution worker" [_thread_blocked, id=23308, stack(0x000000e90b700000,0x000000e90b800000)]
  0x0000024dfd808b10 JavaThread "Execution worker Thread 2" [_thread_blocked, id=23312, stack(0x000000e90b800000,0x000000e90b900000)]
  0x0000024dfd809530 JavaThread "Execution worker Thread 3" [_thread_blocked, id=23316, stack(0x000000e90b900000,0x000000e90ba00000)]
  0x0000024dfd8071c0 JavaThread "Execution worker Thread 4" [_thread_blocked, id=23320, stack(0x000000e90ba00000,0x000000e90bb00000)]
  0x0000024dfd80a460 JavaThread "Execution worker Thread 5" [_thread_blocked, id=23324, stack(0x000000e90bb00000,0x000000e90bc00000)]
  0x0000024dfd809a40 JavaThread "Execution worker Thread 6" [_thread_blocked, id=23328, stack(0x000000e90bc00000,0x000000e90bd00000)]
  0x0000024dfd8076d0 JavaThread "Execution worker Thread 7" [_thread_blocked, id=23332, stack(0x000000e90bd00000,0x000000e90be00000)]
  0x0000024dfd806cb0 JavaThread "Execution worker Thread 8" [_thread_blocked, id=23336, stack(0x000000e90be00000,0x000000e90bf00000)]
  0x0000024dfd807be0 JavaThread "Execution worker Thread 9" [_thread_blocked, id=23340, stack(0x000000e90bf00000,0x000000e90c000000)]
  0x0000024dfd809020 JavaThread "Execution worker Thread 10" [_thread_blocked, id=23344, stack(0x000000e90c000000,0x000000e90c100000)]
  0x0000024df94ae360 JavaThread "Execution worker Thread 11" [_thread_blocked, id=23348, stack(0x000000e90c100000,0x000000e90c200000)]
  0x0000024df94afcb0 JavaThread "Cache worker for execution history cache (C:\nirbhava-dev1\node_modules\@react-native\gradle-plugin\.gradle\8.8\executionHistory)" [_thread_blocked, id=23352, stack(0x000000e90c200000,0x000000e90c300000)]
  0x0000024df94b1600 JavaThread "Unconstrained build operations Thread 40" [_thread_blocked, id=23376, stack(0x000000e90c300000,0x000000e90c400000)]
  0x0000024df94ae870 JavaThread "Unconstrained build operations Thread 41" [_thread_blocked, id=23380, stack(0x000000e90c400000,0x000000e90c500000)]
  0x0000024df94ac500 JavaThread "Unconstrained build operations Thread 42" [_thread_blocked, id=23384, stack(0x000000e90c500000,0x000000e90c600000)]
  0x0000024df94af290 JavaThread "Unconstrained build operations Thread 43" [_thread_blocked, id=23388, stack(0x000000e90c600000,0x000000e90c700000)]
  0x0000024df94b01c0 JavaThread "Unconstrained build operations Thread 44" [_thread_blocked, id=23392, stack(0x000000e90c700000,0x000000e90c800000)]
  0x0000024df94acf20 JavaThread "Unconstrained build operations Thread 45" [_thread_blocked, id=23396, stack(0x000000e90c800000,0x000000e90c900000)]
  0x0000024df94ad430 JavaThread "Unconstrained build operations Thread 46" [_thread_blocked, id=23400, stack(0x000000e90c900000,0x000000e90ca00000)]
  0x0000024df94ad940 JavaThread "Unconstrained build operations Thread 47" [_thread_blocked, id=23404, stack(0x000000e90ca00000,0x000000e90cb00000)]
  0x0000024df94abff0 JavaThread "Unconstrained build operations Thread 48" [_thread_blocked, id=23408, stack(0x000000e90cb00000,0x000000e90cc00000)]
  0x0000024df94b06d0 JavaThread "Unconstrained build operations Thread 49" [_thread_blocked, id=23412, stack(0x000000e90cc00000,0x000000e90cd00000)]
  0x0000024df94aca10 JavaThread "Unconstrained build operations Thread 50" [_thread_blocked, id=23416, stack(0x000000e90cd00000,0x000000e90ce00000)]
  0x0000024df94ade50 JavaThread "Unconstrained build operations Thread 51" [_thread_blocked, id=23420, stack(0x000000e90ce00000,0x000000e90cf00000)]
  0x0000024df94af7a0 JavaThread "Unconstrained build operations Thread 52" [_thread_blocked, id=23424, stack(0x000000e90cf00000,0x000000e90d000000)]
  0x0000024df94b1b10 JavaThread "Unconstrained build operations Thread 53" [_thread_blocked, id=23428, stack(0x000000e90d000000,0x000000e90d100000)]
  0x0000024df94aed80 JavaThread "Unconstrained build operations Thread 54" [_thread_blocked, id=23432, stack(0x000000e90d100000,0x000000e90d200000)]
  0x0000024df94b0be0 JavaThread "Unconstrained build operations Thread 55" [_thread_blocked, id=23436, stack(0x000000e90d200000,0x000000e90d300000)]
  0x0000024df94b3460 JavaThread "Unconstrained build operations Thread 56" [_thread_blocked, id=23440, stack(0x000000e90d300000,0x000000e90d400000)]
  0x0000024df94b10f0 JavaThread "Unconstrained build operations Thread 57" [_thread_blocked, id=23444, stack(0x000000e90d400000,0x000000e90d500000)]
  0x0000024df94b2020 JavaThread "Unconstrained build operations Thread 58" [_thread_blocked, id=23448, stack(0x000000e90d500000,0x000000e90d600000)]
  0x0000024df94b2530 JavaThread "Unconstrained build operations Thread 59" [_thread_blocked, id=23452, stack(0x000000e90d600000,0x000000e90d700000)]
  0x0000024df94b2a40 JavaThread "Unconstrained build operations Thread 60" [_thread_blocked, id=23456, stack(0x000000e90d700000,0x000000e90d800000)]
  0x0000024df94b2f50 JavaThread "Unconstrained build operations Thread 61" [_thread_blocked, id=23460, stack(0x000000e90d800000,0x000000e90d900000)]
  0x0000024df94b3970 JavaThread "Unconstrained build operations Thread 62" [_thread_blocked, id=23472, stack(0x000000e90d900000,0x000000e90da00000)]
  0x0000024dfc89f7d0 JavaThread "Unconstrained build operations Thread 63" [_thread_blocked, id=23476, stack(0x000000e90da00000,0x000000e90db00000)]
  0x0000024dfc89e390 JavaThread "Unconstrained build operations Thread 64" [_thread_blocked, id=23480, stack(0x000000e90db00000,0x000000e90dc00000)]
  0x0000024dfc8a2a70 JavaThread "Unconstrained build operations Thread 65" [_thread_blocked, id=23484, stack(0x000000e90dc00000,0x000000e90dd00000)]
  0x0000024dfc89edb0 JavaThread "Unconstrained build operations Thread 66" [_thread_blocked, id=23488, stack(0x000000e90dd00000,0x000000e90de00000)]
  0x0000024dfc89f2c0 JavaThread "Unconstrained build operations Thread 67" [_thread_blocked, id=23492, stack(0x000000e90de00000,0x000000e90df00000)]
  0x0000024dfc89d460 JavaThread "Unconstrained build operations Thread 68" [_thread_blocked, id=23496, stack(0x000000e90df00000,0x000000e90e000000)]
  0x0000024dfc8a3490 JavaThread "Unconstrained build operations Thread 69" [_thread_blocked, id=23500, stack(0x000000e90e000000,0x000000e90e100000)]
  0x0000024dfc89fce0 JavaThread "Unconstrained build operations Thread 70" [_thread_blocked, id=23504, stack(0x000000e90e100000,0x000000e90e200000)]
  0x0000024dfc8a01f0 JavaThread "Unconstrained build operations Thread 71" [_thread_blocked, id=23508, stack(0x000000e90e200000,0x000000e90e300000)]
  0x0000024dfc8a1120 JavaThread "Unconstrained build operations Thread 72" [_thread_blocked, id=23512, stack(0x000000e90e300000,0x000000e90e400000)]
  0x0000024dfc8a2050 JavaThread "Unconstrained build operations Thread 73" [_thread_blocked, id=23516, stack(0x000000e90e400000,0x000000e90e500000)]
  0x0000024dfc8a2560 JavaThread "Unconstrained build operations Thread 74" [_thread_blocked, id=23524, stack(0x000000e90e500000,0x000000e90e600000)]
  0x0000024dfc8a2f80 JavaThread "Unconstrained build operations Thread 75" [_thread_blocked, id=23528, stack(0x000000e90e600000,0x000000e90e700000)]
  0x0000024dfc89d970 JavaThread "Unconstrained build operations Thread 76" [_thread_blocked, id=23532, stack(0x000000e90e700000,0x000000e90e800000)]
  0x0000024dfc8a39a0 JavaThread "Unconstrained build operations Thread 77" [_thread_blocked, id=23536, stack(0x000000e90e800000,0x000000e90e900000)]
  0x0000024dfc89de80 JavaThread "Unconstrained build operations Thread 78" [_thread_blocked, id=23540, stack(0x000000e90e900000,0x000000e90ea00000)]
  0x0000024dfc8a0700 JavaThread "Unconstrained build operations Thread 79" [_thread_blocked, id=23544, stack(0x000000e90ea00000,0x000000e90eb00000)]
  0x0000024dfc8a0c10 JavaThread "Unconstrained build operations Thread 80" [_thread_blocked, id=23548, stack(0x000000e90eb00000,0x000000e90ec00000)]
  0x0000024dfc8a1b40 JavaThread "Unconstrained build operations Thread 81" [_thread_blocked, id=14792, stack(0x000000e90ec00000,0x000000e90ed00000)]
  0x0000024dfc8a3eb0 JavaThread "Unconstrained build operations Thread 82" [_thread_blocked, id=8216, stack(0x000000e90ed00000,0x000000e90ee00000)]
  0x0000024dfc8a43c0 JavaThread "Unconstrained build operations Thread 83" [_thread_blocked, id=17040, stack(0x000000e90ee00000,0x000000e90ef00000)]
  0x0000024dfc89cf50 JavaThread "Unconstrained build operations Thread 84" [_thread_blocked, id=7244, stack(0x000000e90ef00000,0x000000e90f000000)]
  0x0000024dfc8a48d0 JavaThread "Unconstrained build operations Thread 85" [_thread_blocked, id=16112, stack(0x000000e90ac00000,0x000000e90ad00000)]
  0x0000024dfc89e8a0 JavaThread "Unconstrained build operations Thread 86" [_thread_blocked, id=13896, stack(0x000000e90f000000,0x000000e90f100000)]
  0x0000024dfa2192f0 JavaThread "Unconstrained build operations Thread 87" [_thread_blocked, id=17580, stack(0x000000e90f100000,0x000000e90f200000)]
  0x0000024dfa213ce0 JavaThread "Unconstrained build operations Thread 88" [_thread_blocked, id=9856, stack(0x000000e90f200000,0x000000e90f300000)]
  0x0000024dfa218de0 JavaThread "Unconstrained build operations Thread 89" [_thread_blocked, id=16884, stack(0x000000e90f300000,0x000000e90f400000)]
  0x0000024dfa214c10 JavaThread "Unconstrained build operations Thread 90" [_thread_blocked, id=8384, stack(0x000000e90f400000,0x000000e90f500000)]
  0x0000024dfa215120 JavaThread "Unconstrained build operations Thread 91" [_thread_blocked, id=15200, stack(0x000000e90f500000,0x000000e90f600000)]
  0x0000024dfa215630 JavaThread "Unconstrained build operations Thread 92" [_thread_blocked, id=4240, stack(0x000000e90f600000,0x000000e90f700000)]
  0x0000024dfa217eb0 JavaThread "Unconstrained build operations Thread 93" [_thread_blocked, id=8076, stack(0x000000e909d00000,0x000000e909e00000)]
  0x0000024dfa219800 JavaThread "Unconstrained build operations Thread 94" [_thread_blocked, id=3116, stack(0x000000e90f700000,0x000000e90f800000)]
  0x0000024dfa216050 JavaThread "Unconstrained build operations Thread 95" [_thread_blocked, id=2740, stack(0x000000e90f800000,0x000000e90f900000)]
  0x0000024dfa212db0 JavaThread "Unconstrained build operations Thread 96" [_thread_blocked, id=1868, stack(0x000000e90fa00000,0x000000e90fb00000)]
  0x0000024dfa217490 JavaThread "Unconstrained build operations Thread 97" [_thread_blocked, id=22716, stack(0x000000e90fb00000,0x000000e90fc00000)]
  0x0000024dfa2183c0 JavaThread "Unconstrained build operations Thread 98" [_thread_blocked, id=22620, stack(0x000000e90fc00000,0x000000e90fd00000)]
  0x0000024dfa215b40 JavaThread "Unconstrained build operations Thread 99" [_thread_blocked, id=9688, stack(0x000000e90fd00000,0x000000e90fe00000)]
  0x0000024dfa216560 JavaThread "Unconstrained build operations Thread 100" [_thread_blocked, id=1272, stack(0x000000e90fe00000,0x000000e90ff00000)]
  0x0000024dfa216a70 JavaThread "Unconstrained build operations Thread 101" [_thread_blocked, id=21284, stack(0x000000e90ff00000,0x000000e910000000)]
  0x0000024dfa216f80 JavaThread "Unconstrained build operations Thread 102" [_thread_blocked, id=16800, stack(0x000000e910000000,0x000000e910100000)]
  0x0000024dfa2137d0 JavaThread "Unconstrained build operations Thread 103" [_thread_blocked, id=15704, stack(0x000000e910100000,0x000000e910200000)]
  0x0000024dfa2188d0 JavaThread "Unconstrained build operations Thread 104" [_thread_blocked, id=5948, stack(0x000000e910200000,0x000000e910300000)]
  0x0000024dfa219d10 JavaThread "Unconstrained build operations Thread 105" [_thread_blocked, id=6872, stack(0x000000e910300000,0x000000e910400000)]
  0x0000024dfa214700 JavaThread "Unconstrained build operations Thread 106" [_thread_blocked, id=19672, stack(0x000000e910400000,0x000000e910500000)]
  0x0000024dfa2141f0 JavaThread "jar transforms Thread 2" [_thread_blocked, id=22616, stack(0x000000e910500000,0x000000e910600000)]
  0x0000024dfa2128a0 JavaThread "Cache worker for Build Output Cleanup Cache (C:\nirbhava-dev1\android\.gradle\buildOutputCleanup)" [_thread_blocked, id=17864, stack(0x000000e910600000,0x000000e910700000)]
  0x0000024dfa21a220 JavaThread "jar transforms Thread 3" [_thread_blocked, id=22776, stack(0x000000e910700000,0x000000e910800000)]
  0x0000024dfb0b7270 JavaThread "Unconstrained build operations Thread 107" [_thread_blocked, id=18260, stack(0x000000e910800000,0x000000e910900000)]
  0x0000024dfb0b5410 JavaThread "Unconstrained build operations Thread 108" [_thread_blocked, id=14264, stack(0x000000e910900000,0x000000e910a00000)]
  0x0000024dfb0afe00 JavaThread "Unconstrained build operations Thread 109" [_thread_blocked, id=14884, stack(0x000000e910a00000,0x000000e910b00000)]
  0x0000024dfb0b7780 JavaThread "Unconstrained build operations Thread 110" [_thread_blocked, id=15956, stack(0x000000e910b00000,0x000000e910c00000)]
  0x0000024dfb0b1240 JavaThread "Unconstrained build operations Thread 111" [_thread_blocked, id=2528, stack(0x000000e910c00000,0x000000e910d00000)]
  0x0000024dfb0b5920 JavaThread "Unconstrained build operations Thread 112" [_thread_blocked, id=20616, stack(0x000000e910d00000,0x000000e910e00000)]
  0x0000024dfb0b3fd0 JavaThread "Unconstrained build operations Thread 113" [_thread_blocked, id=13612, stack(0x000000e910e00000,0x000000e910f00000)]
  0x0000024dfb0b0d30 JavaThread "Unconstrained build operations Thread 114" [_thread_blocked, id=8492, stack(0x000000e910f00000,0x000000e911000000)]
  0x0000024dfb0b49f0 JavaThread "Unconstrained build operations Thread 115" [_thread_blocked, id=15012, stack(0x000000e911000000,0x000000e911100000)]
  0x0000024dfb0b35b0 JavaThread "Unconstrained build operations Thread 116" [_thread_blocked, id=7000, stack(0x000000e911100000,0x000000e911200000)]
  0x0000024dfb0b0310 JavaThread "Unconstrained build operations Thread 117" [_thread_blocked, id=11540, stack(0x000000e911200000,0x000000e911300000)]
  0x0000024dfb0b1750 JavaThread "Unconstrained build operations Thread 118" [_thread_blocked, id=20596, stack(0x000000e911300000,0x000000e911400000)]
  0x0000024dfb0b0820 JavaThread "Unconstrained build operations Thread 119" [_thread_blocked, id=18876, stack(0x000000e911400000,0x000000e911500000)]
  0x0000024dfb0b5e30 JavaThread "Unconstrained build operations Thread 120" [_thread_blocked, id=18380, stack(0x000000e911500000,0x000000e911600000)]
  0x0000024dfb0b2680 JavaThread "jar transforms Thread 4" [_thread_blocked, id=6884, stack(0x000000e911700000,0x000000e911800000)]
  0x0000024dfb0b2b90 JavaThread "jar transforms Thread 5" [_thread_blocked, id=13876, stack(0x000000e911800000,0x000000e911900000)]
  0x0000024dfb0b30a0 JavaThread "jar transforms Thread 6" [_thread_blocked, id=17752, stack(0x000000e911900000,0x000000e911a00000)]
  0x0000024dfa2179a0 JavaThread "build event listener" [_thread_blocked, id=22636, stack(0x000000e90f900000,0x000000e90fa00000)]
  0x0000024df9f9f910 JavaThread "jar transforms Thread 7" [_thread_blocked, id=16944, stack(0x000000e911a00000,0x000000e911b00000)]
  0x0000024df9fa35d0 JavaThread "jar transforms Thread 8" [_thread_blocked, id=22800, stack(0x000000e911b00000,0x000000e911c00000)]
  0x0000024df9fa2190 JavaThread "jar transforms Thread 9" [_thread_blocked, id=15944, stack(0x000000e911e00000,0x000000e911f00000)]
  0x0000024df9fa3ae0 JavaThread "jar transforms Thread 10" [_thread_blocked, id=2324, stack(0x000000e911f00000,0x000000e912000000)]
  0x0000024df9fa5430 JavaThread "jar transforms Thread 11" [_thread_blocked, id=6568, stack(0x000000e911c00000,0x000000e911d00000)]
  0x0000024df9f9e9e0 JavaThread "jar transforms Thread 12" [_thread_blocked, id=4252, stack(0x000000e911d00000,0x000000e911e00000)]
  0x0000024dfe8ad960 JavaThread "C2 CompilerThread1" daemon [_thread_blocked, id=23224, stack(0x000000e912000000,0x000000e912100000)]

Other Threads:
=>0x0000024df49008e0 VMThread "VM Thread" [stack: 0x000000e905100000,0x000000e905200000] [id=5148]
  0x0000024df4dd6430 WatcherThread [stack: 0x000000e905e00000,0x000000e905f00000] [id=22560]
  0x0000024dd653b2e0 GCTaskThread "GC Thread#0" [stack: 0x000000e904c00000,0x000000e904d00000] [id=5720]
  0x0000024df4e62220 GCTaskThread "GC Thread#1" [stack: 0x000000e906000000,0x000000e906100000] [id=22584]
  0x0000024df4e627a0 GCTaskThread "GC Thread#2" [stack: 0x000000e906100000,0x000000e906200000] [id=22588]
  0x0000024df4e632a0 GCTaskThread "GC Thread#3" [stack: 0x000000e906200000,0x000000e906300000] [id=22592]
  0x0000024df4e62fe0 GCTaskThread "GC Thread#4" [stack: 0x000000e906300000,0x000000e906400000] [id=22596]
  0x0000024df4e62a60 GCTaskThread "GC Thread#5" [stack: 0x000000e906400000,0x000000e906500000] [id=22600]
  0x0000024df4e624e0 GCTaskThread "GC Thread#6" [stack: 0x000000e907200000,0x000000e907300000] [id=22720]
  0x0000024df4e619e0 GCTaskThread "GC Thread#7" [stack: 0x000000e907300000,0x000000e907400000] [id=22724]
  0x0000024dfb502be0 GCTaskThread "GC Thread#8" [stack: 0x000000e907400000,0x000000e907500000] [id=22728]
  0x0000024dfb501e20 GCTaskThread "GC Thread#9" [stack: 0x000000e907500000,0x000000e907600000] [id=22732]
  0x0000024dd654c140 ConcurrentGCThread "G1 Main Marker" [stack: 0x000000e904d00000,0x000000e904e00000] [id=18132]
  0x0000024dd654ef50 ConcurrentGCThread "G1 Conc#0" [stack: 0x000000e904e00000,0x000000e904f00000] [id=356]
  0x0000024dfb502ea0 ConcurrentGCThread "G1 Conc#1" [stack: 0x000000e907900000,0x000000e907a00000] [id=22752]
  0x0000024dfb5018a0 ConcurrentGCThread "G1 Conc#2" [stack: 0x000000e907a00000,0x000000e907b00000] [id=22756]
  0x0000024df4840100 ConcurrentGCThread "G1 Refine#0" [stack: 0x000000e904f00000,0x000000e905000000] [id=20496]
  0x0000024dfb6bfac0 ConcurrentGCThread "G1 Refine#1" [stack: 0x000000e907f00000,0x000000e908000000] [id=22788]
  0x0000024df4840a40 ConcurrentGCThread "G1 Service" [stack: 0x000000e905000000,0x000000e905100000] [id=14824]

Threads with active compile tasks:
C2 CompilerThread0    44629 14418   !   4       java.nio.file.Files::walkFileTree (297 bytes)
C2 CompilerThread1    44629 14416       4       org.gradle.internal.snapshot.MerkleDirectorySnapshotBuilder$Directory::fold (145 bytes)

VM state: at safepoint (normal execution)

VM Mutex/Monitor currently owned by a thread:  ([mutex/lock_event])
[0x0000024dd64db6b0] Threads_lock - owner thread: 0x0000024df49008e0
[0x0000024dd64daa50] Heap_lock - owner thread: 0x0000024dfacab9b0

Heap address: 0x0000000080000000, size: 2048 MB, Compressed Oops mode: 32-bit

CDS archive(s) mapped at: [0x0000024d80000000-0x0000024d80bd0000-0x0000024d80bd0000), size 12386304, SharedBaseAddress: 0x0000024d80000000, ArchiveRelocationMode: 1.
Compressed class space mapped at: 0x0000024d81000000-0x0000024d9b000000, reserved size: 436207616
Narrow klass base: 0x0000024d80000000, Narrow klass shift: 0, Narrow klass range: 0x100000000

GC Precious Log:
 CPUs: 12 total, 12 available
 Memory: 16027M
 Large Page Support: Disabled
 NUMA Support: Disabled
 Compressed Oops: Enabled (32-bit)
 Heap Region Size: 1M
 Heap Min Capacity: 8M
 Heap Initial Capacity: 252M
 Heap Max Capacity: 2G
 Pre-touch: Disabled
 Parallel Workers: 10
 Concurrent Workers: 3
 Concurrent Refinement Workers: 10
 Periodic GC: Disabled

Heap:
 garbage-first heap   total 209920K, used 158477K [0x0000000080000000, 0x0000000100000000)
  region size 1024K, 3 young (3072K), 3 survivors (3072K)
 Metaspace       used 98701K, committed 99904K, reserved 557056K
  class space    used 13830K, committed 14400K, reserved 425984K

Heap Regions: E=young(eden), S=young(survivor), O=old, HS=humongous(starts), HC=humongous(continues), CS=collection set, F=free, OA=open archive, CA=closed archive, TAMS=top-at-mark-start (previous, next)
|   0|0x0000000080000000, 0x0000000080100000, 0x0000000080100000|100%|HS|  |TAMS 0x0000000080100000, 0x0000000080000000| Complete 
|   1|0x0000000080100000, 0x0000000080200000, 0x0000000080200000|100%|HC|  |TAMS 0x0000000080200000, 0x0000000080100000| Complete 
|   2|0x0000000080200000, 0x0000000080300000, 0x0000000080300000|100%|HC|  |TAMS 0x0000000080300000, 0x0000000080200000| Complete 
|   3|0x0000000080300000, 0x0000000080400000, 0x0000000080400000|100%|HC|  |TAMS 0x0000000080400000, 0x0000000080300000| Complete 
|   4|0x0000000080400000, 0x0000000080500000, 0x0000000080500000|100%| O|  |TAMS 0x0000000080500000, 0x0000000080400000| Untracked 
|   5|0x0000000080500000, 0x0000000080600000, 0x0000000080600000|100%| O|  |TAMS 0x0000000080600000, 0x0000000080500000| Untracked 
|   6|0x0000000080600000, 0x0000000080700000, 0x0000000080700000|100%| O|  |TAMS 0x0000000080700000, 0x0000000080600000| Untracked 
|   7|0x0000000080700000, 0x0000000080800000, 0x0000000080800000|100%| O|  |TAMS 0x0000000080800000, 0x0000000080700000| Untracked 
|   8|0x0000000080800000, 0x0000000080900000, 0x0000000080900000|100%| O|  |TAMS 0x0000000080900000, 0x0000000080800000| Untracked 
|   9|0x0000000080900000, 0x0000000080a00000, 0x0000000080a00000|100%| O|  |TAMS 0x0000000080a00000, 0x0000000080900000| Untracked 
|  10|0x0000000080a00000, 0x0000000080b00000, 0x0000000080b00000|100%| O|  |TAMS 0x0000000080b00000, 0x0000000080a00000| Untracked 
|  11|0x0000000080b00000, 0x0000000080c00000, 0x0000000080c00000|100%|HS|  |TAMS 0x0000000080c00000, 0x0000000080b00000| Complete 
|  12|0x0000000080c00000, 0x0000000080ca7e00, 0x0000000080d00000| 65%| O|  |TAMS 0x0000000080ca7e00, 0x0000000080c00000| Untracked 
|  13|0x0000000080d00000, 0x0000000080e00000, 0x0000000080e00000|100%| O|  |TAMS 0x0000000080e00000, 0x0000000080d00000| Untracked 
|  14|0x0000000080e00000, 0x0000000080f00000, 0x0000000080f00000|100%| O|  |TAMS 0x0000000080f00000, 0x0000000080e00000| Untracked 
|  15|0x0000000080f00000, 0x0000000081000000, 0x0000000081000000|100%| O|  |TAMS 0x0000000081000000, 0x0000000080f00000| Untracked 
|  16|0x0000000081000000, 0x0000000081100000, 0x0000000081100000|100%| O|  |TAMS 0x0000000081100000, 0x0000000081000000| Untracked 
|  17|0x0000000081100000, 0x0000000081200000, 0x0000000081200000|100%| O|  |TAMS 0x0000000081200000, 0x0000000081100000| Untracked 
|  18|0x0000000081200000, 0x0000000081300000, 0x0000000081300000|100%| O|  |TAMS 0x0000000081300000, 0x0000000081200000| Untracked 
|  19|0x0000000081300000, 0x0000000081400000, 0x0000000081400000|100%| O|  |TAMS 0x0000000081400000, 0x0000000081300000| Untracked 
|  20|0x0000000081400000, 0x0000000081500000, 0x0000000081500000|100%| O|  |TAMS 0x0000000081500000, 0x0000000081400000| Untracked 
|  21|0x0000000081500000, 0x0000000081600000, 0x0000000081600000|100%| O|  |TAMS 0x0000000081600000, 0x0000000081500000| Untracked 
|  22|0x0000000081600000, 0x0000000081700000, 0x0000000081700000|100%| O|  |TAMS 0x0000000081700000, 0x0000000081600000| Untracked 
|  23|0x0000000081700000, 0x0000000081800000, 0x0000000081800000|100%| O|  |TAMS 0x0000000081800000, 0x0000000081700000| Untracked 
|  24|0x0000000081800000, 0x0000000081900000, 0x0000000081900000|100%| O|  |TAMS 0x0000000081900000, 0x0000000081800000| Untracked 
|  25|0x0000000081900000, 0x0000000081a00000, 0x0000000081a00000|100%| O|  |TAMS 0x0000000081a00000, 0x0000000081900000| Untracked 
|  26|0x0000000081a00000, 0x0000000081b00000, 0x0000000081b00000|100%| O|  |TAMS 0x0000000081b00000, 0x0000000081a00000| Untracked 
|  27|0x0000000081b00000, 0x0000000081c00000, 0x0000000081c00000|100%| O|  |TAMS 0x0000000081c00000, 0x0000000081b00000| Untracked 
|  28|0x0000000081c00000, 0x0000000081d00000, 0x0000000081d00000|100%| O|  |TAMS 0x0000000081d00000, 0x0000000081c00000| Untracked 
|  29|0x0000000081d00000, 0x0000000081e00000, 0x0000000081e00000|100%| O|  |TAMS 0x0000000081e00000, 0x0000000081d00000| Untracked 
|  30|0x0000000081e00000, 0x0000000081f00000, 0x0000000081f00000|100%| O|  |TAMS 0x0000000081f00000, 0x0000000081e00000| Untracked 
|  31|0x0000000081f00000, 0x0000000082000000, 0x0000000082000000|100%| O|  |TAMS 0x0000000082000000, 0x0000000081f00000| Untracked 
|  32|0x0000000082000000, 0x0000000082100000, 0x0000000082100000|100%| O|  |TAMS 0x0000000082100000, 0x0000000082000000| Untracked 
|  33|0x0000000082100000, 0x0000000082200000, 0x0000000082200000|100%| O|  |TAMS 0x0000000082200000, 0x0000000082100000| Untracked 
|  34|0x0000000082200000, 0x0000000082300000, 0x0000000082300000|100%| O|  |TAMS 0x0000000082300000, 0x0000000082200000| Untracked 
|  35|0x0000000082300000, 0x0000000082400000, 0x0000000082400000|100%| O|  |TAMS 0x0000000082400000, 0x0000000082300000| Untracked 
|  36|0x0000000082400000, 0x0000000082500000, 0x0000000082500000|100%| O|  |TAMS 0x0000000082500000, 0x0000000082400000| Untracked 
|  37|0x0000000082500000, 0x0000000082600000, 0x0000000082600000|100%| O|  |TAMS 0x0000000082600000, 0x0000000082500000| Untracked 
|  38|0x0000000082600000, 0x0000000082700000, 0x0000000082700000|100%| O|  |TAMS 0x0000000082700000, 0x0000000082600000| Untracked 
|  39|0x0000000082700000, 0x0000000082800000, 0x0000000082800000|100%| O|  |TAMS 0x0000000082800000, 0x0000000082700000| Untracked 
|  40|0x0000000082800000, 0x0000000082900000, 0x0000000082900000|100%| O|  |TAMS 0x0000000082900000, 0x0000000082800000| Untracked 
|  41|0x0000000082900000, 0x0000000082a00000, 0x0000000082a00000|100%| O|  |TAMS 0x0000000082a00000, 0x0000000082900000| Untracked 
|  42|0x0000000082a00000, 0x0000000082b00000, 0x0000000082b00000|100%|HS|  |TAMS 0x0000000082b00000, 0x0000000082a00000| Complete 
|  43|0x0000000082b00000, 0x0000000082c00000, 0x0000000082c00000|100%|HC|  |TAMS 0x0000000082c00000, 0x0000000082b00000| Complete 
|  44|0x0000000082c00000, 0x0000000082d00000, 0x0000000082d00000|100%|HS|  |TAMS 0x0000000082d00000, 0x0000000082c00000| Complete 
|  45|0x0000000082d00000, 0x0000000082e00000, 0x0000000082e00000|100%|HC|  |TAMS 0x0000000082e00000, 0x0000000082d00000| Complete 
|  46|0x0000000082e00000, 0x0000000082f00000, 0x0000000082f00000|100%|HS|  |TAMS 0x0000000082f00000, 0x0000000082e00000| Complete 
|  47|0x0000000082f00000, 0x0000000083000000, 0x0000000083000000|100%|HC|  |TAMS 0x0000000083000000, 0x0000000082f00000| Complete 
|  48|0x0000000083000000, 0x0000000083100000, 0x0000000083100000|100%|HC|  |TAMS 0x0000000083100000, 0x0000000083000000| Complete 
|  49|0x0000000083100000, 0x0000000083200000, 0x0000000083200000|100%|HC|  |TAMS 0x0000000083200000, 0x0000000083100000| Complete 
|  50|0x0000000083200000, 0x0000000083300000, 0x0000000083300000|100%|HS|  |TAMS 0x0000000083300000, 0x0000000083200000| Complete 
|  51|0x0000000083300000, 0x0000000083400000, 0x0000000083400000|100%|HC|  |TAMS 0x0000000083400000, 0x0000000083300000| Complete 
|  52|0x0000000083400000, 0x0000000083500000, 0x0000000083500000|100%|HC|  |TAMS 0x0000000083500000, 0x0000000083400000| Complete 
|  53|0x0000000083500000, 0x0000000083600000, 0x0000000083600000|100%|HC|  |TAMS 0x0000000083600000, 0x0000000083500000| Complete 
|  54|0x0000000083600000, 0x0000000083700000, 0x0000000083700000|100%| O|  |TAMS 0x0000000083700000, 0x0000000083600000| Untracked 
|  55|0x0000000083700000, 0x0000000083800000, 0x0000000083800000|100%| O|  |TAMS 0x0000000083800000, 0x0000000083700000| Untracked 
|  56|0x0000000083800000, 0x0000000083900000, 0x0000000083900000|100%| O|  |TAMS 0x0000000083900000, 0x0000000083800000| Untracked 
|  57|0x0000000083900000, 0x0000000083a00000, 0x0000000083a00000|100%| O|  |TAMS 0x0000000083a00000, 0x0000000083900000| Untracked 
|  58|0x0000000083a00000, 0x0000000083b00000, 0x0000000083b00000|100%| O|  |TAMS 0x0000000083b00000, 0x0000000083a00000| Untracked 
|  59|0x0000000083b00000, 0x0000000083c00000, 0x0000000083c00000|100%| O|  |TAMS 0x0000000083c00000, 0x0000000083b00000| Untracked 
|  60|0x0000000083c00000, 0x0000000083d00000, 0x0000000083d00000|100%| O|  |TAMS 0x0000000083d00000, 0x0000000083c00000| Untracked 
|  61|0x0000000083d00000, 0x0000000083e00000, 0x0000000083e00000|100%| O|  |TAMS 0x0000000083e00000, 0x0000000083d00000| Untracked 
|  62|0x0000000083e00000, 0x0000000083f00000, 0x0000000083f00000|100%| O|  |TAMS 0x0000000083f00000, 0x0000000083e00000| Untracked 
|  63|0x0000000083f00000, 0x0000000084000000, 0x0000000084000000|100%| O|  |TAMS 0x0000000084000000, 0x0000000083f00000| Untracked 
|  64|0x0000000084000000, 0x0000000084100000, 0x0000000084100000|100%| O|  |TAMS 0x0000000084100000, 0x0000000084000000| Untracked 
|  65|0x0000000084100000, 0x0000000084200000, 0x0000000084200000|100%| O|  |TAMS 0x0000000084200000, 0x0000000084100000| Untracked 
|  66|0x0000000084200000, 0x0000000084300000, 0x0000000084300000|100%| O|  |TAMS 0x0000000084300000, 0x0000000084200000| Untracked 
|  67|0x0000000084300000, 0x0000000084400000, 0x0000000084400000|100%| O|  |TAMS 0x0000000084400000, 0x0000000084300000| Untracked 
|  68|0x0000000084400000, 0x0000000084500000, 0x0000000084500000|100%| O|  |TAMS 0x0000000084500000, 0x0000000084400000| Untracked 
|  69|0x0000000084500000, 0x0000000084600000, 0x0000000084600000|100%| O|  |TAMS 0x0000000084500000, 0x0000000084500000| Untracked 
|  70|0x0000000084600000, 0x0000000084700000, 0x0000000084700000|100%| O|  |TAMS 0x0000000084700000, 0x0000000084600000| Untracked 
|  71|0x0000000084700000, 0x0000000084800000, 0x0000000084800000|100%| O|  |TAMS 0x0000000084800000, 0x0000000084700000| Untracked 
|  72|0x0000000084800000, 0x0000000084900000, 0x0000000084900000|100%| O|  |TAMS 0x0000000084900000, 0x0000000084800000| Untracked 
|  73|0x0000000084900000, 0x0000000084a00000, 0x0000000084a00000|100%| O|  |TAMS 0x0000000084a00000, 0x0000000084900000| Untracked 
|  74|0x0000000084a00000, 0x0000000084b00000, 0x0000000084b00000|100%| O|  |TAMS 0x0000000084b00000, 0x0000000084a00000| Untracked 
|  75|0x0000000084b00000, 0x0000000084c00000, 0x0000000084c00000|100%|HS|  |TAMS 0x0000000084c00000, 0x0000000084b00000| Complete 
|  76|0x0000000084c00000, 0x0000000084d00000, 0x0000000084d00000|100%|HS|  |TAMS 0x0000000084d00000, 0x0000000084c00000| Complete 
|  77|0x0000000084d00000, 0x0000000084e00000, 0x0000000084e00000|100%|HS|  |TAMS 0x0000000084e00000, 0x0000000084d00000| Complete 
|  78|0x0000000084e00000, 0x0000000084f00000, 0x0000000084f00000|100%|HS|  |TAMS 0x0000000084f00000, 0x0000000084e00000| Complete 
|  79|0x0000000084f00000, 0x0000000085000000, 0x0000000085000000|100%| O|  |TAMS 0x0000000085000000, 0x0000000084f00000| Untracked 
|  80|0x0000000085000000, 0x0000000085100000, 0x0000000085100000|100%|HS|  |TAMS 0x0000000085100000, 0x0000000085000000| Complete 
|  81|0x0000000085100000, 0x0000000085200000, 0x0000000085200000|100%|HS|  |TAMS 0x0000000085200000, 0x0000000085100000| Complete 
|  82|0x0000000085200000, 0x0000000085300000, 0x0000000085300000|100%| O|  |TAMS 0x0000000085300000, 0x0000000085200000| Untracked 
|  83|0x0000000085300000, 0x0000000085400000, 0x0000000085400000|100%| O|  |TAMS 0x0000000085400000, 0x0000000085300000| Untracked 
|  84|0x0000000085400000, 0x0000000085500000, 0x0000000085500000|100%| O|  |TAMS 0x0000000085500000, 0x0000000085400000| Untracked 
|  85|0x0000000085500000, 0x0000000085600000, 0x0000000085600000|100%| O|  |TAMS 0x0000000085600000, 0x0000000085500000| Untracked 
|  86|0x0000000085600000, 0x0000000085700000, 0x0000000085700000|100%|HS|  |TAMS 0x0000000085700000, 0x0000000085600000| Complete 
|  87|0x0000000085700000, 0x0000000085800000, 0x0000000085800000|100%| O|  |TAMS 0x0000000085800000, 0x0000000085700000| Untracked 
|  88|0x0000000085800000, 0x0000000085900000, 0x0000000085900000|100%| O|  |TAMS 0x0000000085900000, 0x0000000085800000| Untracked 
|  89|0x0000000085900000, 0x0000000085a00000, 0x0000000085a00000|100%| O|  |TAMS 0x0000000085a00000, 0x0000000085900000| Untracked 
|  90|0x0000000085a00000, 0x0000000085b00000, 0x0000000085b00000|100%| O|  |TAMS 0x0000000085b00000, 0x0000000085a00000| Untracked 
|  91|0x0000000085b00000, 0x0000000085c00000, 0x0000000085c00000|100%| O|  |TAMS 0x0000000085c00000, 0x0000000085b00000| Untracked 
|  92|0x0000000085c00000, 0x0000000085d00000, 0x0000000085d00000|100%| O|  |TAMS 0x0000000085d00000, 0x0000000085c00000| Untracked 
|  93|0x0000000085d00000, 0x0000000085e00000, 0x0000000085e00000|100%| O|  |TAMS 0x0000000085d00000, 0x0000000085d00000| Untracked 
|  94|0x0000000085e00000, 0x0000000085f00000, 0x0000000085f00000|100%| O|  |TAMS 0x0000000085f00000, 0x0000000085e00000| Untracked 
|  95|0x0000000085f00000, 0x0000000086000000, 0x0000000086000000|100%| O|  |TAMS 0x0000000086000000, 0x0000000085f00000| Untracked 
|  96|0x0000000086000000, 0x0000000086100000, 0x0000000086100000|100%| O|  |TAMS 0x0000000086100000, 0x0000000086000000| Untracked 
|  97|0x0000000086100000, 0x0000000086200000, 0x0000000086200000|100%| O|  |TAMS 0x0000000086200000, 0x0000000086100000| Untracked 
|  98|0x0000000086200000, 0x0000000086300000, 0x0000000086300000|100%| O|  |TAMS 0x0000000086300000, 0x0000000086200000| Untracked 
|  99|0x0000000086300000, 0x0000000086400000, 0x0000000086400000|100%| O|  |TAMS 0x0000000086400000, 0x0000000086300000| Untracked 
| 100|0x0000000086400000, 0x0000000086500000, 0x0000000086500000|100%| O|  |TAMS 0x0000000086500000, 0x0000000086400000| Untracked 
| 101|0x0000000086500000, 0x0000000086600000, 0x0000000086600000|100%| O|  |TAMS 0x0000000086600000, 0x0000000086500000| Untracked 
| 102|0x0000000086600000, 0x0000000086700000, 0x0000000086700000|100%| O|  |TAMS 0x0000000086700000, 0x0000000086600000| Untracked 
| 103|0x0000000086700000, 0x0000000086800000, 0x0000000086800000|100%| O|  |TAMS 0x0000000086800000, 0x0000000086700000| Untracked 
| 104|0x0000000086800000, 0x0000000086900000, 0x0000000086900000|100%| O|  |TAMS 0x0000000086900000, 0x0000000086800000| Untracked 
| 105|0x0000000086900000, 0x0000000086a00000, 0x0000000086a00000|100%| O|  |TAMS 0x0000000086a00000, 0x0000000086900000| Untracked 
| 106|0x0000000086a00000, 0x0000000086b00000, 0x0000000086b00000|100%| O|  |TAMS 0x0000000086b00000, 0x0000000086a00000| Untracked 
| 107|0x0000000086b00000, 0x0000000086c00000, 0x0000000086c00000|100%| O|  |TAMS 0x0000000086c00000, 0x0000000086b00000| Untracked 
| 108|0x0000000086c00000, 0x0000000086d00000, 0x0000000086d00000|100%| O|  |TAMS 0x0000000086d00000, 0x0000000086c00000| Untracked 
| 109|0x0000000086d00000, 0x0000000086e00000, 0x0000000086e00000|100%| O|  |TAMS 0x0000000086e00000, 0x0000000086d00000| Untracked 
| 110|0x0000000086e00000, 0x0000000086f00000, 0x0000000086f00000|100%| O|  |TAMS 0x0000000086f00000, 0x0000000086e00000| Untracked 
| 111|0x0000000086f00000, 0x0000000087000000, 0x0000000087000000|100%| O|  |TAMS 0x0000000087000000, 0x0000000086f00000| Untracked 
| 112|0x0000000087000000, 0x0000000087100000, 0x0000000087100000|100%| O|  |TAMS 0x0000000087100000, 0x0000000087000000| Untracked 
| 113|0x0000000087100000, 0x0000000087200000, 0x0000000087200000|100%| O|  |TAMS 0x00000000871b5c00, 0x0000000087100000| Untracked 
| 114|0x0000000087200000, 0x0000000087300000, 0x0000000087300000|100%| O|  |TAMS 0x0000000087200000, 0x0000000087200000| Untracked 
| 115|0x0000000087300000, 0x0000000087400000, 0x0000000087400000|100%| O|  |TAMS 0x0000000087300000, 0x0000000087300000| Untracked 
| 116|0x0000000087400000, 0x0000000087500000, 0x0000000087500000|100%|HS|  |TAMS 0x0000000087400000, 0x0000000087400000| Complete 
| 117|0x0000000087500000, 0x0000000087600000, 0x0000000087600000|100%| O|  |TAMS 0x0000000087500000, 0x0000000087500000| Untracked 
| 118|0x0000000087600000, 0x0000000087700000, 0x0000000087700000|100%|HS|  |TAMS 0x0000000087600000, 0x0000000087600000| Complete 
| 119|0x0000000087700000, 0x0000000087800000, 0x0000000087800000|100%|HC|  |TAMS 0x0000000087700000, 0x0000000087700000| Complete 
| 120|0x0000000087800000, 0x0000000087900000, 0x0000000087900000|100%| O|  |TAMS 0x0000000087800000, 0x0000000087800000| Untracked 
| 121|0x0000000087900000, 0x0000000087a00000, 0x0000000087a00000|100%| O|  |TAMS 0x0000000087900000, 0x0000000087900000| Untracked 
| 122|0x0000000087a00000, 0x0000000087b00000, 0x0000000087b00000|100%| O|  |TAMS 0x0000000087a00000, 0x0000000087a00000| Untracked 
| 123|0x0000000087b00000, 0x0000000087c00000, 0x0000000087c00000|100%| O|  |TAMS 0x0000000087b00000, 0x0000000087b00000| Untracked 
| 124|0x0000000087c00000, 0x0000000087d00000, 0x0000000087d00000|100%| O|  |TAMS 0x0000000087c00000, 0x0000000087c00000| Untracked 
| 125|0x0000000087d00000, 0x0000000087e00000, 0x0000000087e00000|100%| O|  |TAMS 0x0000000087d00000, 0x0000000087d00000| Untracked 
| 126|0x0000000087e00000, 0x0000000087f00000, 0x0000000087f00000|100%| O|  |TAMS 0x0000000087e00000, 0x0000000087e00000| Untracked 
| 127|0x0000000087f00000, 0x0000000088000000, 0x0000000088000000|100%| O|  |TAMS 0x0000000087f00000, 0x0000000087f00000| Untracked 
| 128|0x0000000088000000, 0x0000000088100000, 0x0000000088100000|100%| O|  |TAMS 0x0000000088000000, 0x0000000088000000| Untracked 
| 129|0x0000000088100000, 0x0000000088200000, 0x0000000088200000|100%| O|  |TAMS 0x0000000088100000, 0x0000000088100000| Untracked 
| 130|0x0000000088200000, 0x0000000088300000, 0x0000000088300000|100%| O|  |TAMS 0x0000000088200000, 0x0000000088200000| Untracked 
| 131|0x0000000088300000, 0x0000000088400000, 0x0000000088400000|100%| O|  |TAMS 0x0000000088300000, 0x0000000088300000| Untracked 
| 132|0x0000000088400000, 0x0000000088500000, 0x0000000088500000|100%| O|  |TAMS 0x0000000088400000, 0x0000000088400000| Untracked 
| 133|0x0000000088500000, 0x0000000088600000, 0x0000000088600000|100%| O|  |TAMS 0x0000000088500000, 0x0000000088500000| Untracked 
| 134|0x0000000088600000, 0x0000000088700000, 0x0000000088700000|100%| O|  |TAMS 0x0000000088600000, 0x0000000088600000| Untracked 
| 135|0x0000000088700000, 0x0000000088800000, 0x0000000088800000|100%| O|  |TAMS 0x0000000088700000, 0x0000000088700000| Untracked 
| 136|0x0000000088800000, 0x0000000088900000, 0x0000000088900000|100%| O|  |TAMS 0x0000000088800000, 0x0000000088800000| Untracked 
| 137|0x0000000088900000, 0x0000000088a00000, 0x0000000088a00000|100%| O|  |TAMS 0x0000000088900000, 0x0000000088900000| Untracked 
| 138|0x0000000088a00000, 0x0000000088b00000, 0x0000000088b00000|100%| O|  |TAMS 0x0000000088a00000, 0x0000000088a00000| Untracked 
| 139|0x0000000088b00000, 0x0000000088c00000, 0x0000000088c00000|100%| O|  |TAMS 0x0000000088b00000, 0x0000000088b00000| Untracked 
| 140|0x0000000088c00000, 0x0000000088d00000, 0x0000000088d00000|100%| O|  |TAMS 0x0000000088c00000, 0x0000000088c00000| Untracked 
| 141|0x0000000088d00000, 0x0000000088e00000, 0x0000000088e00000|100%| O|  |TAMS 0x0000000088d00000, 0x0000000088d00000| Untracked 
| 142|0x0000000088e00000, 0x0000000088f00000, 0x0000000088f00000|100%| O|  |TAMS 0x0000000088e00000, 0x0000000088e00000| Untracked 
| 143|0x0000000088f00000, 0x0000000089000000, 0x0000000089000000|100%| O|  |TAMS 0x0000000088f00000, 0x0000000088f00000| Untracked 
| 144|0x0000000089000000, 0x0000000089100000, 0x0000000089100000|100%| O|  |TAMS 0x0000000089000000, 0x0000000089000000| Untracked 
| 145|0x0000000089100000, 0x0000000089200000, 0x0000000089200000|100%| O|  |TAMS 0x0000000089100000, 0x0000000089100000| Untracked 
| 146|0x0000000089200000, 0x0000000089300000, 0x0000000089300000|100%| O|  |TAMS 0x0000000089200000, 0x0000000089200000| Untracked 
| 147|0x0000000089300000, 0x0000000089400000, 0x0000000089400000|100%| O|  |TAMS 0x0000000089300000, 0x0000000089300000| Untracked 
| 148|0x0000000089400000, 0x0000000089500000, 0x0000000089500000|100%| O|  |TAMS 0x0000000089400000, 0x0000000089400000| Untracked 
| 149|0x0000000089500000, 0x0000000089600000, 0x0000000089600000|100%| O|  |TAMS 0x0000000089500000, 0x0000000089500000| Untracked 
| 150|0x0000000089600000, 0x0000000089700000, 0x0000000089700000|100%| O|  |TAMS 0x0000000089600000, 0x0000000089600000| Untracked 
| 151|0x0000000089700000, 0x0000000089800000, 0x0000000089800000|100%| O|  |TAMS 0x0000000089700000, 0x0000000089700000| Untracked 
| 152|0x0000000089800000, 0x0000000089820600, 0x0000000089900000| 12%| O|  |TAMS 0x0000000089800000, 0x0000000089800000| Untracked 
| 153|0x0000000089900000, 0x0000000089900000, 0x0000000089a00000|  0%| F|  |TAMS 0x0000000089900000, 0x0000000089900000| Untracked 
| 154|0x0000000089a00000, 0x0000000089a00000, 0x0000000089b00000|  0%| F|  |TAMS 0x0000000089a00000, 0x0000000089a00000| Untracked 
| 155|0x0000000089b00000, 0x0000000089b00000, 0x0000000089c00000|  0%| F|  |TAMS 0x0000000089b00000, 0x0000000089b00000| Untracked 
| 156|0x0000000089c00000, 0x0000000089c00000, 0x0000000089d00000|  0%| F|  |TAMS 0x0000000089c00000, 0x0000000089c00000| Untracked 
| 157|0x0000000089d00000, 0x0000000089d00000, 0x0000000089e00000|  0%| F|  |TAMS 0x0000000089d00000, 0x0000000089d00000| Untracked 
| 158|0x0000000089e00000, 0x0000000089e00000, 0x0000000089f00000|  0%| F|  |TAMS 0x0000000089e00000, 0x0000000089e00000| Untracked 
| 159|0x0000000089f00000, 0x0000000089f00000, 0x000000008a000000|  0%| F|  |TAMS 0x0000000089f00000, 0x0000000089f00000| Untracked 
| 160|0x000000008a000000, 0x000000008a000000, 0x000000008a100000|  0%| F|  |TAMS 0x000000008a000000, 0x000000008a000000| Untracked 
| 161|0x000000008a100000, 0x000000008a100000, 0x000000008a200000|  0%| F|  |TAMS 0x000000008a100000, 0x000000008a100000| Untracked 
| 162|0x000000008a200000, 0x000000008a200000, 0x000000008a300000|  0%| F|  |TAMS 0x000000008a200000, 0x000000008a200000| Untracked 
| 163|0x000000008a300000, 0x000000008a300000, 0x000000008a400000|  0%| F|  |TAMS 0x000000008a300000, 0x000000008a300000| Untracked 
| 164|0x000000008a400000, 0x000000008a400000, 0x000000008a500000|  0%| F|  |TAMS 0x000000008a400000, 0x000000008a400000| Untracked 
| 165|0x000000008a500000, 0x000000008a500000, 0x000000008a600000|  0%| F|  |TAMS 0x000000008a500000, 0x000000008a500000| Untracked 
| 166|0x000000008a600000, 0x000000008a600000, 0x000000008a700000|  0%| F|  |TAMS 0x000000008a600000, 0x000000008a600000| Untracked 
| 167|0x000000008a700000, 0x000000008a700000, 0x000000008a800000|  0%| F|  |TAMS 0x000000008a700000, 0x000000008a700000| Untracked 
| 168|0x000000008a800000, 0x000000008a800000, 0x000000008a900000|  0%| F|  |TAMS 0x000000008a800000, 0x000000008a800000| Untracked 
| 169|0x000000008a900000, 0x000000008a900000, 0x000000008aa00000|  0%| F|  |TAMS 0x000000008a900000, 0x000000008a900000| Untracked 
| 170|0x000000008aa00000, 0x000000008aa00000, 0x000000008ab00000|  0%| F|  |TAMS 0x000000008aa00000, 0x000000008aa00000| Untracked 
| 171|0x000000008ab00000, 0x000000008ab00000, 0x000000008ac00000|  0%| F|  |TAMS 0x000000008ab00000, 0x000000008ab00000| Untracked 
| 172|0x000000008ac00000, 0x000000008ac00000, 0x000000008ad00000|  0%| F|  |TAMS 0x000000008ac00000, 0x000000008ac00000| Untracked 
| 173|0x000000008ad00000, 0x000000008ad00000, 0x000000008ae00000|  0%| F|  |TAMS 0x000000008ad00000, 0x000000008ad00000| Untracked 
| 174|0x000000008ae00000, 0x000000008ae00000, 0x000000008af00000|  0%| F|  |TAMS 0x000000008ae00000, 0x000000008ae00000| Untracked 
| 175|0x000000008af00000, 0x000000008af00000, 0x000000008b000000|  0%| F|  |TAMS 0x000000008af00000, 0x000000008af00000| Untracked 
| 176|0x000000008b000000, 0x000000008b000000, 0x000000008b100000|  0%| F|  |TAMS 0x000000008b000000, 0x000000008b000000| Untracked 
| 177|0x000000008b100000, 0x000000008b100000, 0x000000008b200000|  0%| F|  |TAMS 0x000000008b100000, 0x000000008b100000| Untracked 
| 178|0x000000008b200000, 0x000000008b2fb388, 0x000000008b300000| 98%| S|CS|TAMS 0x000000008b200000, 0x000000008b200000| Complete 
| 179|0x000000008b300000, 0x000000008b300000, 0x000000008b400000|  0%| F|  |TAMS 0x000000008b300000, 0x000000008b300000| Untracked 
| 180|0x000000008b400000, 0x000000008b500000, 0x000000008b500000|100%| S|CS|TAMS 0x000000008b400000, 0x000000008b400000| Complete 
| 181|0x000000008b500000, 0x000000008b600000, 0x000000008b600000|100%| S|CS|TAMS 0x000000008b500000, 0x000000008b500000| Complete 
| 182|0x000000008b600000, 0x000000008b600000, 0x000000008b700000|  0%| F|  |TAMS 0x000000008b600000, 0x000000008b600000| Untracked 
| 183|0x000000008b700000, 0x000000008b700000, 0x000000008b800000|  0%| F|  |TAMS 0x000000008b700000, 0x000000008b700000| Untracked 
| 184|0x000000008b800000, 0x000000008b800000, 0x000000008b900000|  0%| F|  |TAMS 0x000000008b800000, 0x000000008b800000| Untracked 
| 185|0x000000008b900000, 0x000000008b900000, 0x000000008ba00000|  0%| F|  |TAMS 0x000000008b900000, 0x000000008b900000| Untracked 
| 186|0x000000008ba00000, 0x000000008ba00000, 0x000000008bb00000|  0%| F|  |TAMS 0x000000008ba00000, 0x000000008ba00000| Untracked 
| 187|0x000000008bb00000, 0x000000008bb00000, 0x000000008bc00000|  0%| F|  |TAMS 0x000000008bb00000, 0x000000008bb00000| Untracked 
| 188|0x000000008bc00000, 0x000000008bc00000, 0x000000008bd00000|  0%| F|  |TAMS 0x000000008bc00000, 0x000000008bc00000| Untracked 
| 189|0x000000008bd00000, 0x000000008bd00000, 0x000000008be00000|  0%| F|  |TAMS 0x000000008bd00000, 0x000000008bd00000| Untracked 
| 190|0x000000008be00000, 0x000000008be00000, 0x000000008bf00000|  0%| F|  |TAMS 0x000000008be00000, 0x000000008be00000| Untracked 
| 191|0x000000008bf00000, 0x000000008bf00000, 0x000000008c000000|  0%| F|  |TAMS 0x000000008bf00000, 0x000000008bf00000| Untracked 
| 213|0x000000008d500000, 0x000000008d500000, 0x000000008d600000|  0%| F|  |TAMS 0x000000008d500000, 0x000000008d500000| Untracked 
| 214|0x000000008d600000, 0x000000008d600000, 0x000000008d700000|  0%| F|  |TAMS 0x000000008d600000, 0x000000008d600000| Untracked 
| 215|0x000000008d700000, 0x000000008d700000, 0x000000008d800000|  0%| F|  |TAMS 0x000000008d700000, 0x000000008d700000| Untracked 
| 216|0x000000008d800000, 0x000000008d800000, 0x000000008d900000|  0%| F|  |TAMS 0x000000008d800000, 0x000000008d800000| Untracked 
| 217|0x000000008d900000, 0x000000008d900000, 0x000000008da00000|  0%| F|  |TAMS 0x000000008d900000, 0x000000008d900000| Untracked 
| 218|0x000000008da00000, 0x000000008da00000, 0x000000008db00000|  0%| F|  |TAMS 0x000000008da00000, 0x000000008da00000| Untracked 
| 219|0x000000008db00000, 0x000000008db00000, 0x000000008dc00000|  0%| F|  |TAMS 0x000000008db00000, 0x000000008db00000| Untracked 
| 220|0x000000008dc00000, 0x000000008dc00000, 0x000000008dd00000|  0%| F|  |TAMS 0x000000008dc00000, 0x000000008dc00000| Untracked 
| 221|0x000000008dd00000, 0x000000008dd00000, 0x000000008de00000|  0%| F|  |TAMS 0x000000008dd00000, 0x000000008dd00000| Untracked 
| 222|0x000000008de00000, 0x000000008de00000, 0x000000008df00000|  0%| F|  |TAMS 0x000000008de00000, 0x000000008de00000| Untracked 
| 223|0x000000008df00000, 0x000000008df00000, 0x000000008e000000|  0%| F|  |TAMS 0x000000008df00000, 0x000000008df00000| Untracked 
| 224|0x000000008e000000, 0x000000008e000000, 0x000000008e100000|  0%| F|  |TAMS 0x000000008e000000, 0x000000008e000000| Untracked 
| 251|0x000000008fb00000, 0x000000008fb00000, 0x000000008fc00000|  0%| F|  |TAMS 0x000000008fb00000, 0x000000008fb00000| Untracked 

Card table byte_map: [0x0000024ded6f0000,0x0000024dedaf0000] _byte_map_base: 0x0000024ded2f0000

Marking Bits (Prev, Next): (CMBitMap*) 0x0000024dd653b850, (CMBitMap*) 0x0000024dd653b810
 Prev Bits: [0x0000024defef0000, 0x0000024df1ef0000)
 Next Bits: [0x0000024dedef0000, 0x0000024defef0000)

Polling page: 0x0000024dd4470000

Metaspace:

Usage:
  Non-class:     82.88 MB used.
      Class:     13.51 MB used.
       Both:     96.39 MB used.

Virtual space:
  Non-class space:      128.00 MB reserved,      83.50 MB ( 65%) committed,  2 nodes.
      Class space:      416.00 MB reserved,      14.06 MB (  3%) committed,  1 nodes.
             Both:      544.00 MB reserved,      97.56 MB ( 18%) committed. 

Chunk freelists:
   Non-Class:  12.45 MB
       Class:  1.98 MB
        Both:  14.43 MB

MaxMetaspaceSize: 512.00 MB
CompressedClassSpaceSize: 416.00 MB
Initial GC threshold: 21.00 MB
Current GC threshold: 154.50 MB
CDS: on
MetaspaceReclaimPolicy: balanced
 - commit_granule_bytes: 65536.
 - commit_granule_words: 8192.
 - virtual_space_node_default_size: 8388608.
 - enlarge_chunks_in_place: 1.
 - new_chunks_are_fully_committed: 0.
 - uncommit_free_chunks: 1.
 - use_allocation_guard: 0.
 - handle_deallocations: 1.


Internal statistics:

num_allocs_failed_limit: 6.
num_arena_births: 1454.
num_arena_deaths: 0.
num_vsnodes_births: 3.
num_vsnodes_deaths: 0.
num_space_committed: 1561.
num_space_uncommitted: 0.
num_chunks_returned_to_freelist: 6.
num_chunks_taken_from_freelist: 5891.
num_chunk_merges: 6.
num_chunk_splits: 3769.
num_chunks_enlarged: 2364.
num_inconsistent_stats: 0.

CodeHeap 'non-profiled nmethods': size=120000Kb used=8474Kb max_used=8503Kb free=111526Kb
 bounds [0x0000024de5860000, 0x0000024de60b0000, 0x0000024decd90000]
CodeHeap 'profiled nmethods': size=120000Kb used=23208Kb max_used=23208Kb free=96791Kb
 bounds [0x0000024dddd90000, 0x0000024ddf440000, 0x0000024de52c0000]
CodeHeap 'non-nmethods': size=5760Kb used=2422Kb max_used=2478Kb free=3337Kb
 bounds [0x0000024de52c0000, 0x0000024de5550000, 0x0000024de5860000]
 total_blobs=13062 nmethods=12106 adapters=868
 compilation: enabled
              stopped_count=0, restarted_count=0
 full_count=0

Compilation events (20 events):
Event: 44.284 Thread 0x0000024df4920920 nmethod 14415 0x0000024de5fb7290 code [0x0000024de5fb7580, 0x0000024de5fb9340]
Event: 44.284 Thread 0x0000024df4920920 14418   !   4       java.nio.file.Files::walkFileTree (297 bytes)
Event: 44.478 Thread 0x0000024df4923cc0 14421       3       java.io.File::getParentFile (41 bytes)
Event: 44.478 Thread 0x0000024df4923cc0 nmethod 14421 0x0000024ddf436090 code [0x0000024ddf436260, 0x0000024ddf4366f8]
Event: 44.478 Thread 0x0000024df4923cc0 14422       3       java.io.File::<init> (20 bytes)
Event: 44.478 Thread 0x0000024df4923cc0 nmethod 14422 0x0000024ddf436890 code [0x0000024ddf436a20, 0x0000024ddf436c18]
Event: 44.478 Thread 0x0000024df4923cc0 14423       3       org.gradle.internal.classpath.TransformedClassPath::areInstrumentedAndOriginalEntriesValid (68 bytes)
Event: 44.480 Thread 0x0000024df4923cc0 nmethod 14423 0x0000024ddf436d10 code [0x0000024ddf436fe0, 0x0000024ddf4380a8]
Event: 44.480 Thread 0x0000024df4923cc0 14424       3       org.gradle.internal.classpath.TransformedClassPath$Builder::add (28 bytes)
Event: 44.481 Thread 0x0000024df4923cc0 nmethod 14424 0x0000024ddf438590 code [0x0000024ddf4387a0, 0x0000024ddf4390c8]
Event: 44.481 Thread 0x0000024df4923cc0 14425       3       org.gradle.internal.classpath.DefaultClassPath$Builder::add (9 bytes)
Event: 44.481 Thread 0x0000024df4923cc0 nmethod 14425 0x0000024ddf439410 code [0x0000024ddf4395c0, 0x0000024ddf439708]
Event: 44.494 Thread 0x0000024df4923cc0 14426       3       com.google.common.cache.LocalCache$Segment::cleanUp (21 bytes)
Event: 44.495 Thread 0x0000024df4923cc0 nmethod 14426 0x0000024ddf439810 code [0x0000024ddf439a00, 0x0000024ddf439ee8]
Event: 44.500 Thread 0x0000024df4923cc0 14427       3       java.io.File::getAbsoluteFile (38 bytes)
Event: 44.501 Thread 0x0000024df4923cc0 nmethod 14427 0x0000024ddf43a110 code [0x0000024ddf43a300, 0x0000024ddf43a808]
Event: 44.502 Thread 0x0000024df4923cc0 14428   !   3       java.io.File::toURI (69 bytes)
Event: 44.503 Thread 0x0000024df4923cc0 nmethod 14428 0x0000024ddf43a990 code [0x0000024ddf43ac60, 0x0000024ddf43bb08]
Event: 44.511 Thread 0x0000024df4923cc0 14429   !   3       org.gradle.internal.classpath.DefaultClassPath::toURL (14 bytes)
Event: 44.511 Thread 0x0000024df4923cc0 nmethod 14429 0x0000024ddf43c190 code [0x0000024ddf43c360, 0x0000024ddf43c668]

GC Heap History (20 events):
Event: 38.338 GC heap after
{Heap after GC invocations=53 (full 0):
 garbage-first heap   total 209920K, used 127260K [0x0000000080000000, 0x0000000100000000)
  region size 1024K, 2 young (2048K), 2 survivors (2048K)
 Metaspace       used 94343K, committed 95360K, reserved 557056K
  class space    used 13272K, committed 13760K, reserved 425984K
}
Event: 40.024 GC heap before
{Heap before GC invocations=53 (full 0):
 garbage-first heap   total 209920K, used 173340K [0x0000000080000000, 0x0000000100000000)
  region size 1024K, 47 young (48128K), 2 survivors (2048K)
 Metaspace       used 96975K, committed 98048K, reserved 557056K
  class space    used 13626K, committed 14144K, reserved 425984K
}
Event: 40.030 GC heap after
{Heap after GC invocations=54 (full 0):
 garbage-first heap   total 209920K, used 135637K [0x0000000080000000, 0x0000000100000000)
  region size 1024K, 6 young (6144K), 6 survivors (6144K)
 Metaspace       used 96975K, committed 98048K, reserved 557056K
  class space    used 13626K, committed 14144K, reserved 425984K
}
Event: 42.113 GC heap before
{Heap before GC invocations=54 (full 0):
 garbage-first heap   total 209920K, used 173525K [0x0000000080000000, 0x0000000100000000)
  region size 1024K, 43 young (44032K), 6 survivors (6144K)
 Metaspace       used 98166K, committed 99328K, reserved 557056K
  class space    used 13789K, committed 14336K, reserved 425984K
}
Event: 42.120 GC heap after
{Heap after GC invocations=55 (full 0):
 garbage-first heap   total 209920K, used 144685K [0x0000000080000000, 0x0000000100000000)
  region size 1024K, 6 young (6144K), 6 survivors (6144K)
 Metaspace       used 98166K, committed 99328K, reserved 557056K
  class space    used 13789K, committed 14336K, reserved 425984K
}
Event: 43.527 GC heap before
{Heap before GC invocations=55 (full 0):
 garbage-first heap   total 209920K, used 172333K [0x0000000080000000, 0x0000000100000000)
  region size 1024K, 33 young (33792K), 6 survivors (6144K)
 Metaspace       used 98693K, committed 99904K, reserved 557056K
  class space    used 13830K, committed 14400K, reserved 425984K
}
Event: 43.534 GC heap after
{Heap after GC invocations=56 (full 0):
 garbage-first heap   total 209920K, used 151199K [0x0000000080000000, 0x0000000100000000)
  region size 1024K, 5 young (5120K), 5 survivors (5120K)
 Metaspace       used 98693K, committed 99904K, reserved 557056K
  class space    used 13830K, committed 14400K, reserved 425984K
}
Event: 43.695 GC heap before
{Heap before GC invocations=56 (full 0):
 garbage-first heap   total 209920K, used 172703K [0x0000000080000000, 0x0000000100000000)
  region size 1024K, 27 young (27648K), 5 survivors (5120K)
 Metaspace       used 98699K, committed 99904K, reserved 557056K
  class space    used 13830K, committed 14400K, reserved 425984K
}
Event: 43.700 GC heap after
{Heap after GC invocations=57 (full 0):
 garbage-first heap   total 209920K, used 154677K [0x0000000080000000, 0x0000000100000000)
  region size 1024K, 3 young (3072K), 3 survivors (3072K)
 Metaspace       used 98699K, committed 99904K, reserved 557056K
  class space    used 13830K, committed 14400K, reserved 425984K
}
Event: 43.803 GC heap before
{Heap before GC invocations=57 (full 0):
 garbage-first heap   total 209920K, used 174133K [0x0000000080000000, 0x0000000100000000)
  region size 1024K, 23 young (23552K), 3 survivors (3072K)
 Metaspace       used 98701K, committed 99904K, reserved 557056K
  class space    used 13830K, committed 14400K, reserved 425984K
}
Event: 43.806 GC heap after
{Heap after GC invocations=58 (full 0):
 garbage-first heap   total 209920K, used 155650K [0x0000000080000000, 0x0000000100000000)
  region size 1024K, 3 young (3072K), 3 survivors (3072K)
 Metaspace       used 98701K, committed 99904K, reserved 557056K
  class space    used 13830K, committed 14400K, reserved 425984K
}
Event: 44.002 GC heap before
{Heap before GC invocations=58 (full 0):
 garbage-first heap   total 209920K, used 175106K [0x0000000080000000, 0x0000000100000000)
  region size 1024K, 23 young (23552K), 3 survivors (3072K)
 Metaspace       used 98701K, committed 99904K, reserved 557056K
  class space    used 13830K, committed 14400K, reserved 425984K
}
Event: 44.004 GC heap after
{Heap after GC invocations=59 (full 0):
 garbage-first heap   total 209920K, used 156197K [0x0000000080000000, 0x0000000100000000)
  region size 1024K, 3 young (3072K), 3 survivors (3072K)
 Metaspace       used 98701K, committed 99904K, reserved 557056K
  class space    used 13830K, committed 14400K, reserved 425984K
}
Event: 44.133 GC heap before
{Heap before GC invocations=59 (full 0):
 garbage-first heap   total 209920K, used 175653K [0x0000000080000000, 0x0000000100000000)
  region size 1024K, 23 young (23552K), 3 survivors (3072K)
 Metaspace       used 98701K, committed 99904K, reserved 557056K
  class space    used 13830K, committed 14400K, reserved 425984K
}
Event: 44.136 GC heap after
{Heap after GC invocations=60 (full 0):
 garbage-first heap   total 209920K, used 156651K [0x0000000080000000, 0x0000000100000000)
  region size 1024K, 3 young (3072K), 3 survivors (3072K)
 Metaspace       used 98701K, committed 99904K, reserved 557056K
  class space    used 13830K, committed 14400K, reserved 425984K
}
Event: 44.254 GC heap before
{Heap before GC invocations=60 (full 0):
 garbage-first heap   total 209920K, used 177131K [0x0000000080000000, 0x0000000100000000)
  region size 1024K, 24 young (24576K), 3 survivors (3072K)
 Metaspace       used 98701K, committed 99904K, reserved 557056K
  class space    used 13830K, committed 14400K, reserved 425984K
}
Event: 44.257 GC heap after
{Heap after GC invocations=61 (full 0):
 garbage-first heap   total 209920K, used 157177K [0x0000000080000000, 0x0000000100000000)
  region size 1024K, 3 young (3072K), 3 survivors (3072K)
 Metaspace       used 98701K, committed 99904K, reserved 557056K
  class space    used 13830K, committed 14400K, reserved 425984K
}
Event: 44.351 GC heap before
{Heap before GC invocations=61 (full 0):
 garbage-first heap   total 209920K, used 177657K [0x0000000080000000, 0x0000000100000000)
  region size 1024K, 24 young (24576K), 3 survivors (3072K)
 Metaspace       used 98701K, committed 99904K, reserved 557056K
  class space    used 13830K, committed 14400K, reserved 425984K
}
Event: 44.354 GC heap after
{Heap after GC invocations=62 (full 0):
 garbage-first heap   total 209920K, used 157600K [0x0000000080000000, 0x0000000100000000)
  region size 1024K, 3 young (3072K), 3 survivors (3072K)
 Metaspace       used 98701K, committed 99904K, reserved 557056K
  class space    used 13830K, committed 14400K, reserved 425984K
}
Event: 44.532 GC heap before
{Heap before GC invocations=62 (full 0):
 garbage-first heap   total 209920K, used 178080K [0x0000000080000000, 0x0000000100000000)
  region size 1024K, 24 young (24576K), 3 survivors (3072K)
 Metaspace       used 98701K, committed 99904K, reserved 557056K
  class space    used 13830K, committed 14400K, reserved 425984K
}

Deoptimization events (20 events):
Event: 41.867 Thread 0x0000024dfaca9640 Uncommon trap: trap_request=0xffffffbe fr.pc=0x0000024de5b546fc relative=0x000000000000085c
Event: 41.867 Thread 0x0000024dfaca9640 Uncommon trap: reason=profile_predicate action=maybe_recompile pc=0x0000024de5b546fc method=groovy.lang.MetaClassImpl$MethodIndexAction.iterate()V @ 78 c2
Event: 41.867 Thread 0x0000024dfaca9640 DEOPT PACKING pc=0x0000024de5b546fc sp=0x000000e906af9030
Event: 41.868 Thread 0x0000024dfaca9640 DEOPT UNPACKING pc=0x0000024de53123a3 sp=0x000000e906af9008 mode 2
Event: 41.868 Thread 0x0000024dfaca9640 Uncommon trap: trap_request=0xffffffbe fr.pc=0x0000024de5b546fc relative=0x000000000000085c
Event: 41.868 Thread 0x0000024dfaca9640 Uncommon trap: reason=profile_predicate action=maybe_recompile pc=0x0000024de5b546fc method=groovy.lang.MetaClassImpl$MethodIndexAction.iterate()V @ 78 c2
Event: 41.868 Thread 0x0000024dfaca9640 DEOPT PACKING pc=0x0000024de5b546fc sp=0x000000e906af9030
Event: 41.868 Thread 0x0000024dfaca9640 DEOPT UNPACKING pc=0x0000024de53123a3 sp=0x000000e906af9008 mode 2
Event: 43.729 Thread 0x0000024dfaca9640 Uncommon trap: trap_request=0xffffff76 fr.pc=0x0000024de60907e8 relative=0x00000000000008a8
Event: 43.729 Thread 0x0000024dfaca9640 Uncommon trap: reason=predicate action=maybe_recompile pc=0x0000024de60907e8 method=java.util.ComparableTimSort.binarySort([Ljava/lang/Object;III)V @ 34 c2
Event: 43.729 Thread 0x0000024dfaca9640 DEOPT PACKING pc=0x0000024de60907e8 sp=0x000000e906af8330
Event: 43.729 Thread 0x0000024dfaca9640 DEOPT UNPACKING pc=0x0000024de53123a3 sp=0x000000e906af82d8 mode 2
Event: 43.771 Thread 0x0000024dfb0b5410 Uncommon trap: trap_request=0xffffff45 fr.pc=0x0000024de5bf5298 relative=0x00000000000010d8
Event: 43.771 Thread 0x0000024dfb0b5410 Uncommon trap: reason=unstable_if action=reinterpret pc=0x0000024de5bf5298 method=java.util.concurrent.locks.AbstractQueuedSynchronizer.hasQueuedPredecessors()Z @ 26 c2
Event: 43.771 Thread 0x0000024dfb0b5410 DEOPT PACKING pc=0x0000024de5bf5298 sp=0x000000e9109fda70
Event: 43.771 Thread 0x0000024dfb0b5410 DEOPT UNPACKING pc=0x0000024de53123a3 sp=0x000000e9109fd7e8 mode 2
Event: 44.477 Thread 0x0000024dfaca9640 Uncommon trap: trap_request=0xffffffbe fr.pc=0x0000024de5bf9b94 relative=0x00000000000012f4
Event: 44.477 Thread 0x0000024dfaca9640 Uncommon trap: reason=profile_predicate action=maybe_recompile pc=0x0000024de5bf9b94 method=org.gradle.api.internal.attributes.DefaultImmutableAttributesFactory.concat(Lorg/gradle/api/internal/attributes/ImmutableAttributes;Lorg/gradle/api/internal/attrib
Event: 44.477 Thread 0x0000024dfaca9640 DEOPT PACKING pc=0x0000024de5bf9b94 sp=0x000000e906af9690
Event: 44.477 Thread 0x0000024dfaca9640 DEOPT UNPACKING pc=0x0000024de53123a3 sp=0x000000e906af9670 mode 2

Classes unloaded (0 events):
No events

Classes redefined (0 events):
No events

Internal exceptions (20 events):
Event: 40.924 Thread 0x0000024dfaca9640 Exception <a 'java/lang/ClassNotFoundException'{0x000000008bb92370}: org/gradle/util/internal/DefaultGradleVersionBeanInfo> (0x000000008bb92370) 
thrown [s\open\src\hotspot\share\classfile\systemDictionary.cpp, line 256]
Event: 40.927 Thread 0x0000024dfaca9640 Exception <a 'java/lang/ClassNotFoundException'{0x000000008bba9ad0}: org/gradle/util/internal/DefaultGradleVersionCustomizer> (0x000000008bba9ad0) 
thrown [s\open\src\hotspot\share\classfile\systemDictionary.cpp, line 256]
Event: 41.240 Thread 0x0000024dfaca9640 Exception <a 'java/lang/ClassNotFoundException'{0x000000008b64c5b0}: build_2uxf0m5121nhcize0xwdtttvrBeanInfo> (0x000000008b64c5b0) 
thrown [s\open\src\hotspot\share\classfile\systemDictionary.cpp, line 256]
Event: 41.240 Thread 0x0000024dfaca9640 Exception <a 'java/lang/ClassNotFoundException'{0x000000008b6538a0}: build_2uxf0m5121nhcize0xwdtttvrCustomizer> (0x000000008b6538a0) 
thrown [s\open\src\hotspot\share\classfile\systemDictionary.cpp, line 256]
Event: 41.422 Thread 0x0000024dfaca9640 Exception <a 'java/lang/ClassNotFoundException'{0x000000008b38cc60}: build_2uxf0m5121nhcize0xwdtttvrBeanInfo> (0x000000008b38cc60) 
thrown [s\open\src\hotspot\share\classfile\systemDictionary.cpp, line 256]
Event: 41.423 Thread 0x0000024dfaca9640 Exception <a 'java/lang/ClassNotFoundException'{0x000000008b393ee8}: build_2uxf0m5121nhcize0xwdtttvrCustomizer> (0x000000008b393ee8) 
thrown [s\open\src\hotspot\share\classfile\systemDictionary.cpp, line 256]
Event: 41.721 Thread 0x0000024dfaca9640 Exception <a 'java/lang/ClassNotFoundException'{0x000000008aff4d60}: build_snw50l3fg0xx37c9zwaszp09BeanInfo> (0x000000008aff4d60) 
thrown [s\open\src\hotspot\share\classfile\systemDictionary.cpp, line 256]
Event: 41.722 Thread 0x0000024dfaca9640 Exception <a 'java/lang/ClassNotFoundException'{0x000000008affc028}: build_snw50l3fg0xx37c9zwaszp09Customizer> (0x000000008affc028) 
thrown [s\open\src\hotspot\share\classfile\systemDictionary.cpp, line 256]
Event: 41.869 Thread 0x0000024dfaca9640 Exception <a 'java/lang/ClassNotFoundException'{0x000000008ab99900}: build_snw50l3fg0xx37c9zwaszp09BeanInfo> (0x000000008ab99900) 
thrown [s\open\src\hotspot\share\classfile\systemDictionary.cpp, line 256]
Event: 41.869 Thread 0x0000024dfaca9640 Exception <a 'java/lang/ClassNotFoundException'{0x000000008aba0b68}: build_snw50l3fg0xx37c9zwaszp09Customizer> (0x000000008aba0b68) 
thrown [s\open\src\hotspot\share\classfile\systemDictionary.cpp, line 256]
Event: 42.168 Thread 0x0000024dfaca9640 Exception <a 'java/lang/ClassNotFoundException'{0x000000008e057080}: build_bfonzry5b3tcipvlq6cjr5x3jBeanInfo> (0x000000008e057080) 
thrown [s\open\src\hotspot\share\classfile\systemDictionary.cpp, line 256]
Event: 42.169 Thread 0x0000024dfaca9640 Exception <a 'java/lang/ClassNotFoundException'{0x000000008e05e370}: build_bfonzry5b3tcipvlq6cjr5x3jCustomizer> (0x000000008e05e370) 
thrown [s\open\src\hotspot\share\classfile\systemDictionary.cpp, line 256]
Event: 42.280 Thread 0x0000024dfaca9640 Exception <a 'java/lang/ClassNotFoundException'{0x000000008dd8c7e8}: build_bfonzry5b3tcipvlq6cjr5x3jBeanInfo> (0x000000008dd8c7e8) 
thrown [s\open\src\hotspot\share\classfile\systemDictionary.cpp, line 256]
Event: 42.280 Thread 0x0000024dfaca9640 Exception <a 'java/lang/ClassNotFoundException'{0x000000008dd93a70}: build_bfonzry5b3tcipvlq6cjr5x3jCustomizer> (0x000000008dd93a70) 
thrown [s\open\src\hotspot\share\classfile\systemDictionary.cpp, line 256]
Event: 42.571 Thread 0x0000024dfaca9640 Exception <a 'java/lang/ClassNotFoundException'{0x000000008d83c4a8}: build_ec57svn4xp0dsy05a9yqn251BeanInfo> (0x000000008d83c4a8) 
thrown [s\open\src\hotspot\share\classfile\systemDictionary.cpp, line 256]
Event: 42.571 Thread 0x0000024dfaca9640 Exception <a 'java/lang/ClassNotFoundException'{0x000000008d843770}: build_ec57svn4xp0dsy05a9yqn251Customizer> (0x000000008d843770) 
thrown [s\open\src\hotspot\share\classfile\systemDictionary.cpp, line 256]
Event: 42.620 Thread 0x0000024dfaca9640 Exception <a 'java/lang/ClassNotFoundException'{0x000000008d607598}: build_ec57svn4xp0dsy05a9yqn251$_run_closure1BeanInfo> (0x000000008d607598) 
thrown [s\open\src\hotspot\share\classfile\systemDictionary.cpp, line 256]
Event: 42.620 Thread 0x0000024dfaca9640 Exception <a 'java/lang/ClassNotFoundException'{0x000000008d612d40}: build_ec57svn4xp0dsy05a9yqn251$_run_closure1Customizer> (0x000000008d612d40) 
thrown [s\open\src\hotspot\share\classfile\systemDictionary.cpp, line 256]
Event: 42.782 Thread 0x0000024dfaca9640 Exception <a 'java/lang/ClassNotFoundException'{0x000000008bef8ba8}: build_cuk6d4ej6da8lk6hltm8rvuccBeanInfo> (0x000000008bef8ba8) 
thrown [s\open\src\hotspot\share\classfile\systemDictionary.cpp, line 256]
Event: 42.782 Thread 0x0000024dfaca9640 Exception <a 'java/lang/ClassNotFoundException'{0x000000008bd00168}: build_cuk6d4ej6da8lk6hltm8rvuccCustomizer> (0x000000008bd00168) 
thrown [s\open\src\hotspot\share\classfile\systemDictionary.cpp, line 256]

VM Operations (20 events):
Event: 41.403 Executing VM operation: Cleanup done
Event: 42.113 Executing VM operation: G1CollectForAllocation
Event: 42.121 Executing VM operation: G1CollectForAllocation done
Event: 43.130 Executing VM operation: Cleanup
Event: 43.131 Executing VM operation: Cleanup done
Event: 43.527 Executing VM operation: G1CollectForAllocation
Event: 43.534 Executing VM operation: G1CollectForAllocation done
Event: 43.695 Executing VM operation: G1CollectForAllocation
Event: 43.700 Executing VM operation: G1CollectForAllocation done
Event: 43.803 Executing VM operation: G1CollectForAllocation
Event: 43.808 Executing VM operation: G1CollectForAllocation done
Event: 44.002 Executing VM operation: G1CollectForAllocation
Event: 44.004 Executing VM operation: G1CollectForAllocation done
Event: 44.133 Executing VM operation: G1CollectForAllocation
Event: 44.137 Executing VM operation: G1CollectForAllocation done
Event: 44.254 Executing VM operation: G1CollectForAllocation
Event: 44.257 Executing VM operation: G1CollectForAllocation done
Event: 44.351 Executing VM operation: G1CollectForAllocation
Event: 44.354 Executing VM operation: G1CollectForAllocation done
Event: 44.532 Executing VM operation: G1CollectForAllocation

Events (20 events):
Event: 40.827 loading class java/lang/NumberBeanInfo
Event: 40.827 loading class java/lang/NumberBeanInfo done
Event: 40.827 loading class java/lang/NumberCustomizer
Event: 40.827 loading class java/lang/NumberCustomizer done
Event: 40.828 loading class java/lang/NumberCustomizer
Event: 40.828 loading class java/lang/NumberCustomizer done
Event: 40.828 loading class java/lang/IntegerCustomizer
Event: 40.828 loading class java/lang/IntegerCustomizer done
Event: 40.828 loading class java/lang/IntegerCustomizer
Event: 40.828 loading class java/lang/IntegerCustomizer done
Event: 40.828 loading class jdk/internal/ValueBased
Event: 40.829 loading class jdk/internal/ValueBased done
Event: 40.937 loading class jdk/internal/reflect/UnsafeStaticObjectFieldAccessorImpl
Event: 40.937 loading class jdk/internal/reflect/UnsafeStaticObjectFieldAccessorImpl done
Event: 41.825 Thread 0x0000024dfe8adeb0 Thread exited: 0x0000024dfe8adeb0
Event: 42.572 loading class java/beans/ParameterDescriptor
Event: 42.572 loading class java/beans/ParameterDescriptor done
Event: 42.658 Thread 0x0000024dfe8ad960 Thread added: 0x0000024dfe8ad960
Event: 43.487 Thread 0x0000024dfe8ad960 Thread exited: 0x0000024dfe8ad960
Event: 43.578 Thread 0x0000024dfe8ad960 Thread added: 0x0000024dfe8ad960


Dynamic libraries:
0x00007ff7a75e0000 - 0x00007ff7a75f0000 	C:\Program Files\Java\jdk-17\bin\java.exe
0x00007ff8e6a10000 - 0x00007ff8e6c28000 	C:\WINDOWS\SYSTEM32\ntdll.dll
0x00007ff899780000 - 0x00007ff8997a1000 	C:\Program Files\Avast Software\Avast\aswhook.dll
0x00007ff8e5500000 - 0x00007ff8e55c4000 	C:\WINDOWS\System32\KERNEL32.DLL
0x00007ff8e3ec0000 - 0x00007ff8e4293000 	C:\WINDOWS\System32\KERNELBASE.dll
0x00007ff8e4510000 - 0x00007ff8e4621000 	C:\WINDOWS\System32\ucrtbase.dll
0x00007ff8c0ae0000 - 0x00007ff8c0afb000 	C:\Program Files\Java\jdk-17\bin\VCRUNTIME140.dll
0x00007ff8bba30000 - 0x00007ff8bba49000 	C:\Program Files\Java\jdk-17\bin\jli.dll
0x00007ff8e67a0000 - 0x00007ff8e6851000 	C:\WINDOWS\System32\ADVAPI32.dll
0x00007ff8e5b00000 - 0x00007ff8e5ba7000 	C:\WINDOWS\System32\msvcrt.dll
0x00007ff8e4c80000 - 0x00007ff8e4d28000 	C:\WINDOWS\System32\sechost.dll
0x00007ff8e3be0000 - 0x00007ff8e3c08000 	C:\WINDOWS\System32\bcrypt.dll
0x00007ff8e6450000 - 0x00007ff8e6568000 	C:\WINDOWS\System32\RPCRT4.dll
0x00007ff8e65e0000 - 0x00007ff8e6792000 	C:\WINDOWS\System32\USER32.dll
0x00007ff8e4340000 - 0x00007ff8e4366000 	C:\WINDOWS\System32\win32u.dll
0x00007ff8e4a50000 - 0x00007ff8e4a79000 	C:\WINDOWS\System32\GDI32.dll
0x00007ff8c4980000 - 0x00007ff8c4c1c000 	C:\WINDOWS\WinSxS\amd64_microsoft.windows.common-controls_6595b64144ccf1df_6.0.22621.6060_none_2712eda17382d24b\COMCTL32.dll
0x00007ff8e43f0000 - 0x00007ff8e450b000 	C:\WINDOWS\System32\gdi32full.dll
0x00007ff8e42a0000 - 0x00007ff8e433a000 	C:\WINDOWS\System32\msvcp_win.dll
0x00007ff8d5ef0000 - 0x00007ff8d5efa000 	C:\WINDOWS\SYSTEM32\VERSION.dll
0x00007ff8e5450000 - 0x00007ff8e5481000 	C:\WINDOWS\System32\IMM32.DLL
0x00007ff8d9c90000 - 0x00007ff8d9c9c000 	C:\Program Files\Java\jdk-17\bin\vcruntime140_1.dll
0x00007ff8bb310000 - 0x00007ff8bb39e000 	C:\Program Files\Java\jdk-17\bin\msvcp140.dll
0x00007ff8a4c50000 - 0x00007ff8a5830000 	C:\Program Files\Java\jdk-17\bin\server\jvm.dll
0x00007ff8e4a40000 - 0x00007ff8e4a48000 	C:\WINDOWS\System32\PSAPI.DLL
0x00007ff8bf7d0000 - 0x00007ff8bf7d9000 	C:\WINDOWS\SYSTEM32\WSOCK32.dll
0x00007ff8dc8b0000 - 0x00007ff8dc8e4000 	C:\WINDOWS\SYSTEM32\WINMM.dll
0x00007ff8e5a80000 - 0x00007ff8e5af1000 	C:\WINDOWS\System32\WS2_32.dll
0x00007ff8e2ac0000 - 0x00007ff8e2ad8000 	C:\WINDOWS\SYSTEM32\kernel.appcore.dll
0x00007ff8d8fa0000 - 0x00007ff8d8faa000 	C:\Program Files\Java\jdk-17\bin\jimage.dll
0x00007ff8e1340000 - 0x00007ff8e1573000 	C:\WINDOWS\SYSTEM32\DBGHELP.DLL
0x00007ff8e56e0000 - 0x00007ff8e5a71000 	C:\WINDOWS\System32\combase.dll
0x00007ff8e4d40000 - 0x00007ff8e4e18000 	C:\WINDOWS\System32\OLEAUT32.dll
0x00007ff8cf1c0000 - 0x00007ff8cf1f2000 	C:\WINDOWS\SYSTEM32\dbgcore.DLL
0x00007ff8e4370000 - 0x00007ff8e43eb000 	C:\WINDOWS\System32\bcryptPrimitives.dll
0x00007ff8af5c0000 - 0x00007ff8af5ce000 	C:\Program Files\Java\jdk-17\bin\instrument.dll
0x00007ff8bb2e0000 - 0x00007ff8bb305000 	C:\Program Files\Java\jdk-17\bin\java.dll
0x00007ff8b0260000 - 0x00007ff8b0337000 	C:\Program Files\Java\jdk-17\bin\jsvml.dll
0x00007ff8e5bb0000 - 0x00007ff8e644c000 	C:\WINDOWS\System32\SHELL32.dll
0x00007ff8e3d80000 - 0x00007ff8e3ebf000 	C:\WINDOWS\System32\wintypes.dll
0x00007ff8e19d0000 - 0x00007ff8e22ea000 	C:\WINDOWS\SYSTEM32\windows.storage.dll
0x00007ff8e4a80000 - 0x00007ff8e4b84000 	C:\WINDOWS\System32\SHCORE.dll
0x00007ff8e5490000 - 0x00007ff8e54f9000 	C:\WINDOWS\System32\shlwapi.dll
0x00007ff8e3a50000 - 0x00007ff8e3a75000 	C:\WINDOWS\SYSTEM32\profapi.dll
0x00007ff8bb280000 - 0x00007ff8bb298000 	C:\Program Files\Java\jdk-17\bin\zip.dll
0x00007ff8bb2c0000 - 0x00007ff8bb2d9000 	C:\Program Files\Java\jdk-17\bin\net.dll
0x00007ff8dcd70000 - 0x00007ff8dce9c000 	C:\WINDOWS\SYSTEM32\WINHTTP.dll
0x00007ff8e2f80000 - 0x00007ff8e2fe9000 	C:\WINDOWS\system32\mswsock.dll
0x00007ff8bb2a0000 - 0x00007ff8bb2b6000 	C:\Program Files\Java\jdk-17\bin\nio.dll
0x00007ff8c0ad0000 - 0x00007ff8c0ae0000 	C:\Program Files\Java\jdk-17\bin\verify.dll
0x00007ff8bb250000 - 0x00007ff8bb277000 	C:\Users\tejas\.gradle\native\c067742578af261105cb4f569cf0c3c89f3d7b1fecec35dd04571415982c5e48\windows-amd64\native-platform.dll
0x00007ff8a5880000 - 0x00007ff8a59c4000 	C:\Users\tejas\.gradle\native\100fb08df4bc3b14c8652ba06237920a3bd2aa13389f12d3474272988ae205f9\windows-amd64\native-platform-file-events.dll
0x00007ff8c09b0000 - 0x00007ff8c09ba000 	C:\Program Files\Java\jdk-17\bin\management.dll
0x00007ff8af5d0000 - 0x00007ff8af5db000 	C:\Program Files\Java\jdk-17\bin\management_ext.dll
0x00007ff8e3220000 - 0x00007ff8e323b000 	C:\WINDOWS\SYSTEM32\CRYPTSP.dll
0x00007ff8e2a20000 - 0x00007ff8e2a57000 	C:\WINDOWS\system32\rsaenh.dll
0x00007ff8e3020000 - 0x00007ff8e3048000 	C:\WINDOWS\SYSTEM32\USERENV.dll
0x00007ff8e3180000 - 0x00007ff8e318c000 	C:\WINDOWS\SYSTEM32\CRYPTBASE.dll
0x00007ff8e2550000 - 0x00007ff8e257d000 	C:\WINDOWS\SYSTEM32\IPHLPAPI.DLL
0x00007ff8e4d30000 - 0x00007ff8e4d39000 	C:\WINDOWS\System32\NSI.dll
0x00007ff8d9590000 - 0x00007ff8d95a9000 	C:\WINDOWS\SYSTEM32\dhcpcsvc6.DLL
0x00007ff8d9350000 - 0x00007ff8d936f000 	C:\WINDOWS\SYSTEM32\dhcpcsvc.DLL
0x00007ff8e25c0000 - 0x00007ff8e26b8000 	C:\WINDOWS\SYSTEM32\DNSAPI.dll
0x00007ff8af5b0000 - 0x00007ff8af5be000 	C:\Program Files\Java\jdk-17\bin\sunmscapi.dll
0x00007ff8e3c10000 - 0x00007ff8e3d78000 	C:\WINDOWS\System32\CRYPT32.dll
0x00007ff8e33f0000 - 0x00007ff8e341e000 	C:\WINDOWS\SYSTEM32\ncrypt.dll
0x00007ff8e33b0000 - 0x00007ff8e33e7000 	C:\WINDOWS\SYSTEM32\NTASN1.dll
0x00007ff8adcf0000 - 0x00007ff8adcf8000 	C:\WINDOWS\system32\wshunix.dll
0x00007ff8b4310000 - 0x00007ff8b4327000 	C:\WINDOWS\system32\napinsp.dll
0x00007ff8b42f0000 - 0x00007ff8b430b000 	C:\WINDOWS\system32\pnrpnsp.dll
0x00007ff8b42c0000 - 0x00007ff8b42e1000 	C:\WINDOWS\system32\nlansp_c.dll
0x00007ff8b42a0000 - 0x00007ff8b42b1000 	C:\WINDOWS\System32\winrnr.dll
0x00007ff8d8c20000 - 0x00007ff8d8c35000 	C:\WINDOWS\system32\wshbth.dll
0x00007ff8d9580000 - 0x00007ff8d958a000 	C:\Windows\System32\rasadhlp.dll
0x00007ff8d7960000 - 0x00007ff8d79e4000 	C:\WINDOWS\System32\fwpuclnt.dll

dbghelp: loaded successfully - version: 4.0.5 - missing functions: none
symbol engine: initialized successfully - sym options: 0x614 - pdb path: .;C:\Program Files\Java\jdk-17\bin;C:\WINDOWS\SYSTEM32;C:\Program Files\Avast Software\Avast;C:\WINDOWS\WinSxS\amd64_microsoft.windows.common-controls_6595b64144ccf1df_6.0.22621.6060_none_2712eda17382d24b;C:\Program Files\Java\jdk-17\bin\server;C:\Users\tejas\.gradle\native\c067742578af261105cb4f569cf0c3c89f3d7b1fecec35dd04571415982c5e48\windows-amd64;C:\Users\tejas\.gradle\native\100fb08df4bc3b14c8652ba06237920a3bd2aa13389f12d3474272988ae205f9\windows-amd64

VM Arguments:
jvm_args: -XX:MaxMetaspaceSize=512m --add-opens=java.base/java.util=ALL-UNNAMED --add-opens=java.base/java.lang=ALL-UNNAMED --add-opens=java.base/java.lang.invoke=ALL-UNNAMED --add-opens=java.prefs/java.util.prefs=ALL-UNNAMED --add-opens=java.base/java.nio.charset=ALL-UNNAMED --add-opens=java.base/java.net=ALL-UNNAMED --add-opens=java.base/java.util.concurrent.atomic=ALL-UNNAMED -Xmx2048m -Dfile.encoding=windows-1252 -Duser.country=IN -Duser.language=en -Duser.variant -javaagent:C:\Users\tejas\.gradle\wrapper\dists\gradle-8.8-all\6gdy1pgp427xkqcjbxw3ylt6h\gradle-8.8\lib\agents\gradle-instrumentation-agent-8.8.jar 
java_command: org.gradle.launcher.daemon.bootstrap.GradleDaemon 8.8
java_class_path (initial): C:\Users\tejas\.gradle\wrapper\dists\gradle-8.8-all\6gdy1pgp427xkqcjbxw3ylt6h\gradle-8.8\lib\gradle-launcher-8.8.jar
Launcher Type: SUN_STANDARD

[Global flags]
     intx CICompilerCount                          = 4                                         {product} {ergonomic}
   size_t CompressedClassSpaceSize                 = 436207616                                 {product} {ergonomic}
     uint ConcGCThreads                            = 3                                         {product} {ergonomic}
     uint G1ConcRefinementThreads                  = 10                                        {product} {ergonomic}
   size_t G1HeapRegionSize                         = 1048576                                   {product} {ergonomic}
    uintx GCDrainStackTargetSize                   = 64                                        {product} {ergonomic}
   size_t InitialHeapSize                          = 264241152                                 {product} {ergonomic}
   size_t MarkStackSize                            = 4194304                                   {product} {ergonomic}
   size_t MaxHeapSize                              = 2147483648                                {product} {command line}
   size_t MaxMetaspaceSize                         = 536870912                                 {product} {command line}
   size_t MaxNewSize                               = 1287651328                                {product} {ergonomic}
   size_t MinHeapDeltaBytes                        = 1048576                                   {product} {ergonomic}
   size_t MinHeapSize                              = 8388608                                   {product} {ergonomic}
    uintx NonNMethodCodeHeapSize                   = 5839372                                {pd product} {ergonomic}
    uintx NonProfiledCodeHeapSize                  = 122909434                              {pd product} {ergonomic}
    uintx ProfiledCodeHeapSize                     = 122909434                              {pd product} {ergonomic}
    uintx ReservedCodeCacheSize                    = 251658240                              {pd product} {ergonomic}
     bool SegmentedCodeCache                       = true                                      {product} {ergonomic}
   size_t SoftMaxHeapSize                          = 2147483648                             {manageable} {ergonomic}
     bool UseCompressedClassPointers               = true                           {product lp64_product} {ergonomic}
     bool UseCompressedOops                        = true                           {product lp64_product} {ergonomic}
     bool UseG1GC                                  = true                                      {product} {ergonomic}
     bool UseLargePagesIndividualAllocation        = false                                  {pd product} {ergonomic}

Logging:
Log output configuration:
 #0: stdout all=warning uptime,level,tags
 #1: stderr all=off uptime,level,tags

Environment Variables:
JAVA_HOME=C:\Program Files\Java\jdk-17
CLASSPATH=C:\nirbhava-dev1\android\\gradle\wrapper\gradle-wrapper.jar
PATH=C:\nirbhava-dev1\node_modules\.bin;C:\nirbhava-dev1\node_modules\.bin;C:\node_modules\.bin;C:\Program Files\nodejs\node_modules\npm\node_modules\@npmcli\run-script\lib\node-gyp-bin;C:\nirbhava-dev1\node_modules\.bin;C:\nirbhava-dev1\android\node_modules\.bin;C:\nirbhava-dev1\node_modules\.bin;C:\node_modules\.bin;C:\Program Files\nodejs\node_modules\npm\node_modules\@npmcli\run-script\lib\node-gyp-bin;C:\Program Files\Common Files\Oracle\Java\javapath;C:\WINDOWS\system32;C:\WINDOWS;C:\WINDOWS\System32\Wbem;C:\WINDOWS\System32\WindowsPowerShell\v1.0\;C:\WINDOWS\System32\OpenSSH\;C:\Program Files\HP\HP One Agent;C:\Program Files\nodejs\;%JAVA_HOME%\bin;C:\Users\tejas\AppData\Local\Android\Sdk\platform-tools;C:\Users\tejas\AppData\Local\Android\Sdk\emulator;C:\Users\tejas\AppData\Local\Android\Sdk\tools;C:\Users\tejas\AppData\Local\Android\Sdk\tools\bin;C:\Program Files\Git\cmd;C:\Program Files\Git\bin;C:\Users\tejas\AppData\Local\Android\Sdk\platform-tools;C:\Users\tejas\AppData\Local\Android\Sdk\tools;C:\Users\tejas\AppData\Local\Microsoft\WindowsApps;C:\Users\tejas\AppData\Local\GitHubDesktop\bin;D:\TEJASHWINI T\Microsoft VS Code\bin;C:\Users\tejas\AppData\Roaming\npm;
USERNAME=tejas
LANG=en_US.UTF-8
OS=Windows_NT
PROCESSOR_IDENTIFIER=Intel64 Family 6 Model 154 Stepping 4, GenuineIntel



---------------  S Y S T E M  ---------------

OS:
 Windows 11 , 64 bit Build 22621 (10.0.22621.5415)
OS uptime: 0 days 0:17 hours
Hyper-V role detected

CPU: total 12 (initial active 12) (6 cores per cpu, 2 threads per core) family 6 model 154 stepping 4 microcode 0x432, cx8, cmov, fxsr, ht, mmx, 3dnowpref, sse, sse2, sse3, ssse3, sse4.1, sse4.2, popcnt, lzcnt, tsc, tscinvbit, avx, avx2, aes, erms, clmul, bmi1, bmi2, adx, sha, fma, vzeroupper, clflush, clflushopt, clwb, hv

Memory: 4k page, system-wide physical 16027M (519M free)
TotalPageFile size 16924M (AvailPageFile size 5M)
current process WorkingSet (physical memory assigned to process): 509M, peak: 509M
current process commit charge ("private bytes"): 560M, peak: 578M

vm_info: Java HotSpot(TM) 64-Bit Server VM (17.0.12+8-LTS-286) for windows-amd64 JRE (17.0.12+8-LTS-286), built on Jun  5 2024 06:46:59 by "mach5one" with MS VC++ 17.6 (VS2022)

END.
